Rank,Candidate_Label,Scout_Base,Run_ID,U_MAXP_k,Kappa,U_MAXP,SDE_b,GCI,A_emp,Phi_emp,e_max_R,f_eff,phi,rho,h_cont,E_Valid,E_Train,Baseline_E_val,MAE_Valid,MSE_Valid,MAE_Train,MSE_Train,Max_Err,Ambition,Gap,Surrogate_Coherent,Psi,Regime,psi_G,F1_Case,F1_Short,F1_Label,F1_Winner,F1_dUk,F1_dphi,F2_Case,F2_Short,F2_Label,F2_Winner,F2_I,F2_G,F2_ratio_c,F2_I_val,F2_G_val,Champion_Run,Framework_Winner,FA_Case,FA_Short,FA_Label,FA_I_RT,FA_J_RT,FA_ev_c,FA_ev_rt,FA_delta_ev_pct,FA_phi_c,FA_phi_rt,Is_Final_Champion,ICV,Psi_Rank,VBD_Verdict
1,L2_TACTICAL_GM_Scout_2_R2,L2_TACTICAL_GM_Scout_2,2,0.07354635694101579,0.8357656142383764,0.08799878301769777,0.385259654961808,0.244246,0.935181,0.258872,0.338297,0.6244027084621996,0.8136286221586279,0.5145038340571194,0.48076970172901956,0.08132311494755028,0.13620650579024052,0.13519366187534715,0.071352,0.008591,0.11744817830800207,0.02495162513789027,0.3395308394314218,1.08,0.28,False,0.1663921648461081,SOV,0.5970574935064242,F1.4,SDI,Spurious Density Increment,A,0.00296071,-0.05257233,F2.2,TRG,Topological Regularization,C,True,True,0.59705749,0.05488339,0.56349546,,DGDTL_TIE_WIN,FA.2,DAE,DGDTL lower error than BL_RT; phi gap expected (BL_RT asymmetry),True,False,0.08132311,0.11313446,28.1182,0.81362862,0.98902898,True,,,
2,L2_TACTICAL_GM_Scout_2_R1,L2_TACTICAL_GM_Scout_2,1,0.07058564819548682,0.8569813471062858,0.08236544288137528,0.346371645854298,0.249571,0.952815,0.219851,0.329922,0.5992925338573357,0.8662009554411559,0.5775844330295122,0.4807689942388411,0.09039510193850558,0.13486581500158742,0.13519366187534715,0.076937,0.01128,0.11921934083996878,0.023276307833212093,0.3395318017151996,1.08,0.28,False,0.11133955432428025,SOV,0.670259560853813,F1.4,SDI,Spurious Density Increment,A,0.00296071,-0.05257233,F2.2,TRG,Topological Regularization,C,True,True,0.67025956,0.04447071,0.49029339,1,DGDTL_TIE_LOSS,FA.2,DAE,DGDTL lower error than BL_RT; phi gap expected (BL_RT asymmetry),True,False,0.0903951,0.11313446,20.0994,0.86620096,0.98902898,False,,,
3,L2_TACTICAL_GM_Scout_4_R1,L2_TACTICAL_GM_Scout_4,1,0.07044784357235644,0.816349688026032,0.0862961603411674,0.42840677321866266,0.219927,0.915918,0.296359,0.346343,0.6213797225604792,0.7609559617683673,0.4615200941802046,0.46511673138435794,0.0823764598509332,0.15381014144942756,0.13519366187534715,0.071733,0.008949,0.13587528773888335,0.03031509493677677,0.36153749268638813,1.15,0.3,False,0.2244024576988448,SOV,0.5355723561117453,F1.1,JDC,Joint Density Collapse,A,-0.00451032,-0.00540658,F2.2,TRG,Topological Regularization,C,True,True,0.53557236,0.07143368,0.6249806,1,DGDTL,FA.2,DAE,DGDTL lower error than BL_RT; phi gap expected (BL_RT asymmetry),True,False,0.08237646,0.11313446,27.1871,0.76095596,0.98902898,False,,,
4,L2_Scout_2_R1,L2_Scout_2,1,0.07023265569400616,0.8734241344903324,0.08041071104016252,0.3274415504814898,0.254688,0.96421,0.19091,0.323711,0.6003335836853416,0.882094433682514,0.5996267103052023,0.48095122714628036,0.09000390419419849,0.12934595166921473,0.13519366187534715,0.079051,0.010501,0.11141155857548311,0.022550224117051373,0.33928403349184855,1.2,0.18,False,0.09850819703274812,SOV,0.6958385866066369,F1.1,JDC,Joint Density Collapse,A,-0.00420928,-0.06210507,F2.2,TRG,Topological Regularization,C,True,True,0.69583859,0.03934205,0.46471437,1,DGDTL,FA.2,DAE,DGDTL lower error than BL_RT; phi gap expected (BL_RT asymmetry),True,False,0.0900039,0.11313446,20.4452,0.88209443,0.98902898,False,,,
5,L2_Scout_2_R2,L2_Scout_2,2,0.0660233782358378,0.8337594474965425,0.07918756235276314,0.3498625032116687,0.242506,0.933334,0.262663,0.339111,0.6149127482883562,0.8199893685009316,0.5214960883617813,0.4809512803612038,0.08466462249434807,0.13990182604066836,0.13519366187534715,0.074607,0.009231,0.12415207971838355,0.02485338424773824,0.3392839611669871,1.2,0.18,False,0.159043633198607,SOV,0.6051716756616466,F1.1,JDC,Joint Density Collapse,A,-0.00420928,-0.06210507,F2.2,TRG,Topological Regularization,C,True,True,0.60517168,0.0552372,0.55538128,,DGDTL,FA.2,DAE,DGDTL lower error than BL_RT; phi gap expected (BL_RT asymmetry),True,False,0.08466462,0.11313446,25.1646,0.81998937,0.98902898,False,,,
6,L2_TACTICAL_GM_Scout_4_R2,L2_TACTICAL_GM_Scout_4,2,0.06593751965122087,0.7822602065095896,0.08429103142729343,0.43744508596388054,0.22042,0.874192,0.366682,0.361436,0.6272287864487643,0.755549377779659,0.4565000096185142,0.4651170515368017,0.08034756454246064,0.15167164189424862,0.13519366187534715,0.07137,0.008182,0.13378549271020837,0.029566472144724954,0.36153702743370286,1.15,0.3,False,0.23153903654224303,SOV,0.529746784158257,F1.1,JDC,Joint Density Collapse,A,-0.00451032,-0.00540658,F2.2,TRG,Topological Regularization,C,True,True,0.52974678,0.07132408,0.63080617,,DGDTL,FA.2,DAE,DGDTL lower error than BL_RT; phi gap expected (BL_RT asymmetry),True,False,0.08034756,0.11313446,28.9805,0.75554938,0.98902898,False,,,
7,L2_Scout_4_R2,L2_Scout_4,2,0.06491426671991969,0.8545104510451046,0.07596661531819375,0.3273814369379883,0.244015,0.950938,0.224292,0.330876,0.5907382621247333,0.8588563223647188,0.5679453179974275,0.48095064326534676,0.09366177299948157,0.14211120205934796,0.13519366187534715,0.085082,0.010631,0.12630599715361035,0.025566148561888317,0.3392848270505129,1.2,0.2,False,0.1205997864893781,SOV,0.6590738213521001,F1.3,GTR,Genuine Topological Refinement,B,0.00911301,0.00400716,F2.2,TRG,Topological Regularization,C,True,True,0.65907382,0.04844943,0.50147913,2,DGDTL,FA.2,DAE,DGDTL lower error than BL_RT; phi gap expected (BL_RT asymmetry),True,False,0.09366177,0.11313446,17.212,0.85885632,0.98902898,False,,,
8,L2_Scout_4_R1,L2_Scout_4,1,0.05580125870396933,0.8437668798438623,0.0661335020809246,0.2986967295874696,0.23498,0.942237,0.243923,0.335089,0.5715300386094442,0.8548491653404958,0.5628167403513918,0.4809517129824719,0.10135324334892992,0.15518262943340821,0.13519366187534715,0.092231,0.012405,0.13869497396845662,0.030147477420657966,0.33928337318828405,1.2,0.2,False,0.12444335300163799,SOV,0.6531223482794293,F1.3,GTR,Genuine Topological Refinement,B,0.00911301,0.00400716,F2.2,TRG,Topological Regularization,C,True,True,0.65312235,0.05382939,0.5074306,,DGDTL,FA.2,DAE,DGDTL lower error than BL_RT; phi gap expected (BL_RT asymmetry),True,False,0.10135324,0.11313446,10.4135,0.85484917,0.98902898,False,,,
9,L2_Scout_3_R1,L2_Scout_3,1,0.05123875487037162,0.8343154757513611,0.06141412494383786,0.27794477520195915,0.23661,0.933849,0.261612,0.338885,0.6368864528989764,0.7724509556442269,0.47242556386647866,0.48095082898957126,0.07707912436517729,0.14059693210320695,0.13519366187534715,0.068759,0.007466,0.12220923155523093,0.026163470453445754,0.33928457463057415,1.2,0.18,False,0.2120380632956325,SOV,0.5482276406112795,F1.2,IRF,Inefficient Refinement,A,-0.00864044,0.01680093,F2.2,TRG,Topological Regularization,C,True,True,0.54822764,0.06351781,0.61232531,1,DGDTL,FA.2,DAE,DGDTL lower error than BL_RT; phi gap expected (BL_RT asymmetry),True,False,0.07707912,0.11313446,31.8695,0.77245096,0.98902898,False,,,
10,L1_GM_Scout_3_R1,L1_GM_Scout_3,1,0.04609164533564453,0.8994967040798147,0.051241594467871104,0.2050653867737617,0.255352,0.978568,0.147191,0.314328,0.5960693767311429,0.8567867055192672,0.5652854259890527,0.4999992547858939,0.09161493986352422,0.13965965797522806,0.13519366187534715,0.081381,0.010637,0.12425669671577602,0.0246402033995859,0.31438193712702023,1.0,0.3,False,0.12207577036253106,SOV,0.6559871418164013,F1.2,IRF,Inefficient Refinement,A,-0.01251779,0.05216347,F2.2,TRG,Topological Regularization,C,True,True,0.65598714,0.04804472,0.50456581,1,DGDTL,FA.2,DAE,DGDTL lower error than BL_RT; phi gap expected (BL_RT asymmetry),True,False,0.09161494,0.11313446,19.0212,0.85678671,0.98902898,False,,,
11,L1_GM_Scout_2_R1,L1_GM_Scout_2,1,0.042890300660791685,0.9041537020040996,0.04743695741744274,0.19101666242669954,0.25323,0.980687,0.13965,0.312709,0.5989114399820666,0.8456353998717695,0.551347581378227,0.5000002062088886,0.09053864652703766,0.14150799778950757,0.13519366187534715,0.080315,0.010417,0.12619056855524982,0.02518083633889663,0.31438074068848043,1.0,0.0,False,0.1329335757801188,SOV,0.6398129288809233,F1.2,IRF,Inefficient Refinement,A,-0.03085419,0.13695969,F2.2,TRG,Topological Regularization,C,True,True,0.63981293,0.05096935,0.52074002,1,DGDTL,FA.2,DAE,DGDTL lower error than BL_RT; phi gap expected (BL_RT asymmetry),True,False,0.09053865,0.11313446,19.9725,0.8456354,0.98902898,False,,,
12,L2_Scout_3_R2,L2_Scout_3,2,0.04259831686227441,0.839251154672714,0.050757531431561316,0.23566078336624538,0.229543,0.938316,0.252326,0.336892,0.6047097787771661,0.7892518882526285,0.4889825661324985,0.4809507828226468,0.08837418276762983,0.15574155170390674,0.13519366187534715,0.077536,0.010146,0.13884908079512734,0.0305163067387564,0.3392846373765561,1.2,0.18,False,0.19187409904834274,SOV,0.5674412627826075,F1.2,IRF,Inefficient Refinement,A,-0.00864044,0.01680093,F2.2,TRG,Topological Regularization,C,True,True,0.56744126,0.06736737,0.59311169,,DGDTL,FA.2,DAE,DGDTL lower error than BL_RT; phi gap expected (BL_RT asymmetry),True,False,0.08837418,0.11313446,21.8857,0.78925189,0.98902898,False,,,
13,L1_GM_Scout_3_R2,L1_GM_Scout_3,2,0.03357385048017336,0.902834279583352,0.037187168497486954,0.15179073245985014,0.249964,0.9801,0.141778,0.313166,0.550006202496221,0.9089501724846445,0.6415040687820712,0.5000002879518612,0.11061022408487718,0.1485827249645696,0.13519366187534715,0.097392,0.015781,0.1363526189027066,0.026214785477895124,0.31438063789483217,1.0,0.3,False,0.07181890250317016,SOV,0.7444352909114594,F1.2,IRF,Inefficient Refinement,A,-0.01251779,0.05216347,F2.2,TRG,Topological Regularization,C,True,True,0.74443529,0.0379725,0.41611766,,DGDTL,FA.2,DAE,DGDTL lower error than BL_RT; phi gap expected (BL_RT asymmetry),True,False,0.11061022,0.11313446,2.2312,0.90895017,0.98902898,False,,,
14,L1_GM_Scout_4_R1,L1_GM_Scout_4,1,0.03274237313878796,0.8998516887117924,0.03638641072692902,0.14622574052545814,0.254244,0.978734,0.146613,0.314204,0.5962497046013568,0.8528133045352836,0.5602446361650292,0.4999990922849543,0.09154634458912438,0.1408107340681709,0.13519366187534715,0.081263,0.010636,0.12606031060841824,0.0247392371868847,0.3143821414765273,1.0,0.3,False,0.12572384502369513,SOV,0.6501375423802258,F1.2,IRF,Inefficient Refinement,A,-0.00593769,0.11449739,F2.2,TRG,Topological Regularization,C,True,True,0.65013754,0.04926439,0.51041541,1,DGDTL,FA.2,DAE,DGDTL lower error than BL_RT; phi gap expected (BL_RT asymmetry),True,False,0.09154634,0.11313446,19.0818,0.8528133,0.98902898,False,,,
15,L1_GM_Scout_4_R2,L1_GM_Scout_4,2,0.02680468494238594,0.9332886610529234,0.028720679957844192,0.10762525066128131,0.269235,0.991172,0.094166,0.302947,0.5566662813076547,0.9673106958972498,0.7716298439481302,0.4999999988030095,0.10766937189456162,0.12024184328066743,0.13519366187534715,0.095401,0.014766,0.10297449673415915,0.019713473111684594,0.31438100150624426,1.0,0.3,False,0.025338008695258527,SOV,0.8954401309480305,F1.2,IRF,Inefficient Refinement,A,-0.00593769,0.11449739,F2.2,TRG,Topological Regularization,C,True,True,0.89544013,0.01257247,0.26511282,,DGDTL,FA.2,DAE,DGDTL lower error than BL_RT; phi gap expected (BL_RT asymmetry),True,False,0.10766937,0.11313446,4.8306,0.9673107,0.98902898,False,,,
16,L1_GM_Scout_2_R2,L1_GM_Scout_2,2,0.012036112263333267,0.8999232921360117,0.013374598000197293,0.05955407235323621,0.229451,0.978767,0.146496,0.314179,0.46702925095972686,0.9825950874856139,0.8286624846117265,0.5000014950159667,0.1542821291978296,0.1604391705246205,0.13519366187534715,0.145132,0.026899,0.14623626796286002,0.030983568937471288,0.3143791199881627,1.0,0.0,False,0.013294557379007645,SOV,0.9616238272210562,F1.2,IRF,Inefficient Refinement,A,-0.03085419,0.13695969,F2.2,TRG,Topological Regularization,C,True,True,0.96162383,0.00615704,0.19892913,,DGDTL,FA.4,ROS,BL_RT dominated both observable metrics; DGDTL leads in U_MAXP_k only,False,False,0.15428213,0.11313446,-36.3706,0.98259509,0.98902898,False,,,
17,L2_GM_Scout_1_R1,L2_GM_Scout_1,1,0.003693495906467605,0.855938411983386,0.004315142134945215,0.018091816676015882,0.250532,0.952028,0.221722,0.330324,0.5913271662883043,0.8981968442957997,0.6239239451253392,0.4716983086041817,0.09343385531509688,0.12904615763250363,0.13519366187534715,0.078343,0.012417,0.11227234055587776,0.0220006118262203,0.3521064439147845,1.12,0.28,False,0.08168444100640511,SOV,0.7240343845006145,F1.2,IRF,Inefficient Refinement,A,-0.00355261,0.10156687,F2.2,TRG,Topological Regularization,C,True,True,0.72403438,0.0356123,0.43651857,1,DGDTL,FA.2,DAE,DGDTL lower error than BL_RT; phi gap expected (BL_RT asymmetry),True,False,0.09343386,0.11313446,17.4134,0.89819684,0.98902898,False,,,
18,L1_Scout_3_R1,L1_Scout_3,1,0.0031954024074981884,1.0,0.0031954024074981884,0.011167152114495859,0.286143,1.0,0.0,0.28266,0.5841869875264609,0.9303257177164941,0.680692440684561,0.5264970167164277,0.09622823687011119,0.12182153372363454,0.13519366187534715,0.086998,0.011329,0.10529809717110747,0.01986347396052249,0.2827372932073473,1.0,0.16,False,0.05580322571498347,SOV,0.789911552802704,F1.2,IRF,Inefficient Refinement,A,-0.0026793,0.06145198,F2.2,TRG,Topological Regularization,C,True,True,0.78991155,0.0255933,0.3706414,1,DGDTL,FA.2,DAE,DGDTL lower error than BL_RT; phi gap expected (BL_RT asymmetry),True,False,0.09622824,0.11313446,14.9435,0.93032572,0.98902898,False,,,
19,BASELINE_TRAIN_ONLY,BASELINE_TRAIN_ONLY,0,0.001365106266,1.0,0.001365106266,0.005766,0.236751,0.983696,0.128214,0.310255,0.5000000000018492,0.9999999999995,0.9999999999991382,0.4735025456178513,0.13519366187534715,0.11650076940759478,0.13519366187534715,0.12296329387607356,0.022094,0.10176110626212562,0.017789,0.34956685605704707,1.0,0.0,False,0.0,INC,1.1604529528881338,,,,,,,,,,,,,,,,N/A,BASELINE,,,,,,,,,,,False,,,
20,BASELINE_RETRAIN,BASELINE_RETRAIN,0,0.000139427757,1.0,0.000139427757,0.000513,0.271789,0.991639,0.09163,0.302403,0.5444154280693435,0.9890289823728267,0.8617324791075046,0.5047682392646982,0.11313446202672345,0.11313446202672345,0.13519366187534715,0.09729521507097597,0.017306,0.09729521507097597,0.017306,0.308441466917605,1.0,0.0,False,0.007736299435031249,SOV,0.9999999999804151,,,,,,,,,,,,,,,,N/A,BASELINE,,,,,,,,,,,False,,,
21,L1_Scout_4_R1,L1_Scout_4,1,0.0010963677988180477,1.0,0.0010963677988180477,0.0038573803903163254,0.284226,1.0,0.0,0.27458,0.5573366415215232,0.9594401787894759,0.7484444769518072,0.5315312429876451,0.10737725811066441,0.12363037430430096,0.13519366187534715,0.095999,0.014425,0.108730191781179,0.01976061370668559,0.2770818804007593,0.98,0.26,False,0.031453769149110244,SOV,0.8685346033533495,F1.2,IRF,Inefficient Refinement,A,-0.0007648,0.03100544,F2.0,BND,Baseline Native Dominance,BL,,,0.8685346,0.01625312,0.29201835,1,BASELINE,,,,,,,,,,,False,,,
22,L1_Scout_2_R1,L1_Scout_2,1,0.0008042959276617504,1.0,0.0008042959276617504,0.0028238348161031034,0.284824,1.0,0.0,0.280204,0.5816018018951316,0.9301549074677415,0.680351912422716,0.5264973437239441,0.09725689353084516,0.12318540220493687,0.13519366187534715,0.086326,0.012006,0.10759922937911301,0.019889261666818762,0.28273692233715697,1.0,0.23,False,0.05573159002566561,SOV,0.7895163857757246,F1.2,IRF,Inefficient Refinement,A,-0.00071125,0.0496521,F2.0,BND,Baseline Native Dominance,BL,,,0.78951639,0.02592851,0.37103657,1,BASELINE,,,,,,,,,,,False,,,
23,L1_Scout_3_R2,L1_Scout_3,2,0.0005161051143898731,0.9902840871279915,0.0005211687445030791,0.002014390585396513,0.258766,0.999833,0.012926,0.285511,0.5042882769437046,0.9917776980326097,0.8792568712215448,0.5173858182294173,0.1328943902507089,0.13024568373432852,0.13519366187534715,0.118658,0.022153,0.11400098943136104,0.022142982584015272,0.29325258585348957,1.0,0.16,False,0.006086924339620183,SOV,1.020336232559536,F1.2,IRF,Inefficient Refinement,A,-0.0026793,0.06145198,F2.0,BND,Baseline Native Dominance,BL,,,1.02033623,-0.00264871,0.14021672,,BASELINE,,,,,,,,,,,False,,,
24,L1_Scout_4_R2,L1_Scout_4,2,0.00033157265210371676,1.0,0.00033157265210371676,0.0012431814426132838,0.266713,1.0,0.0,0.278638,0.5112306659948248,0.9904456150281374,0.8704123619132684,0.5267407034157132,0.12925381920984363,0.12796488071136156,0.13519366187534715,0.116658,0.020509,0.1124780116366868,0.02119473173003972,0.28246104763716184,0.98,0.26,False,0.007192405029947664,SOV,1.0100725956154348,F1.2,IRF,Inefficient Refinement,A,-0.0007648,0.03100544,F2.0,BND,Baseline Native Dominance,BL,,,1.0100726,-0.00128894,0.15048036,,BASELINE,,,,,,,,,,,False,,,
25,L2_GM_Scout_1_R2,L2_GM_Scout_1,2,0.00014088865354959312,0.8278952777785912,0.00017017690199613844,0.0008617424058685002,0.21286,0.927746,0.273856,0.341513,0.45136952177250417,0.999763711143611,1.021979050647557,0.4716983736184192,0.1643251477797608,0.13855892338151665,0.13519366187534715,0.144439,0.03495,0.1212893984987129,0.02505487936831639,0.35210635205274854,1.12,0.28,False,-0.0003193376524002201,INC,1.1859586071189423,F1.2,IRF,Inefficient Refinement,A,-0.00355261,0.10156687,F2.0,BND,Baseline Native Dominance,BL,,,1.18595861,-0.02576622,-0.02540565,,BASELINE,,,,,,,,,,,False,,,
26,L2_Scout_1_R1,L2_Scout_1,1,0.0001304834101067133,0.918702092884971,0.0001420301652921682,0.0005472031251930112,0.263108,0.986502,0.116575,0.307757,0.5818011774092721,0.9199482464561688,0.6608634540438915,0.4915814517887353,0.09717723582165501,0.12671419462684802,0.13519366187534715,0.087074,0.011762,0.1096252575730304,0.021452594164351916,0.3251488253352701,1.15,0.13,False,0.06470874026473783,SOV,0.7669009467033265,F1.2,IRF,Inefficient Refinement,A,-0.00012163,0.06608397,F2.0,BND,Baseline Native Dominance,BL,,,0.76690095,0.02953696,0.39365201,1,BASELINE,,,,,,,,,,,False,,,
27,L1_Scout_2_R2,L1_Scout_2,2,9.30428453808504e-05,1.0,9.30428453808504e-05,0.0003558982881940183,0.261431,1.0,0.0,0.27853,0.5067812721504213,0.9798070042568138,0.8165428680418964,0.526496416483104,0.13157559205184335,0.13885732833715803,0.13519366187534715,0.113601,0.023224,0.1261206490245677,0.02337237394297543,0.2827379739532869,1.0,0.23,False,0.012362765888594357,SOV,0.9475595823825519,F1.2,IRF,Inefficient Refinement,A,-0.00071125,0.0496521,F2.0,BND,Baseline Native Dominance,BL,,,0.94755958,0.00728174,0.21299337,,BASELINE,,,,,,,,,,,False,,,
28,L2_Scout_1_R2,L2_Scout_1,2,8.858190792016096e-06,0.9080593774489024,9.755078810927821e-06,4.0409654760609005e-05,0.245738,0.982366,0.133383,0.311364,0.5069723733815866,0.9860322131181624,0.8452515740336201,0.4915830256620458,0.13147503443659758,0.134038564193722,0.13519366187534715,0.1217,0.020174,0.11738635979782462,0.023425226454569233,0.32514677778913703,1.15,0.13,False,0.010577766310978499,SOV,0.9808746850243593,F1.2,IRF,Inefficient Refinement,A,-0.00012163,0.06608397,F2.0,BND,Baseline Native Dominance,BL,,,0.98087469,0.00256353,0.17967827,,BASELINE,,,,,,,,,,,False,,,
29,L1_Scout_1_R1,L1_Scout_1,1,4.924985146258231e-10,1.0,4.924985146258231e-10,1.720074162926695e-09,0.286324,1.0,0.0,0.281641,0.5827878072233268,0.9331518681690918,0.686402319678916,0.5264964071934365,0.09678384383104378,0.12150568156754372,0.13519366187534715,0.087482,0.011465,0.1052214796841549,0.019686909004579027,0.2827379844890412,1.0,0.17,False,0.05341084372745543,SOV,0.7965375987422754,F1.3,GTR,Genuine Topological Refinement,B,-0.0,-0.00442548,F2.0,BND,Baseline Native Dominance,BL,,,0.7965376,0.02472184,0.36401535,,BASELINE,,,,,,,,,,,False,,,
30,L1_Scout_1_R2,L1_Scout_1,2,1.6434891642237256e-10,1.0,1.6434891642237256e-10,5.894952453491892e-10,0.278796,1.0,0.0,0.282653,0.5701652221506215,0.9287263853359166,0.6775237349578734,0.5264992010830014,0.10191947064058639,0.12962987652380425,0.13519366187534715,0.089913,0.013347,0.11661525052838798,0.02076393832170868,0.28273481585270455,1.0,0.17,False,0.05581572616706347,SOV,0.7862344188857309,F1.3,GTR,Genuine Topological Refinement,B,-0.0,-0.00442548,F2.0,BND,Baseline Native Dominance,BL,,,0.78623442,0.02771041,0.37431853,2,BASELINE,,,,,,,,,,,False,,,
