Cofactor,Dataset,Sol_17_AbsErr,Sol_10_AbsErr,Sol_16_AbsErr,Sol_15_AbsErr,Sol_7_AbsErr,Sol_30_AbsErr
A2a,Training,0.261624,0.056818,0.173918,0.118660,0.118764,1.659861
A2b,Training,0.742874,0.618170,0.379046,0.575243,0.575361,1.558812
A5a,Training,0.638357,0.243093,0.300066,0.416838,0.416829,0.227888
A5b,Training,0.695619,0.269277,0.354336,0.428888,0.428861,0.636197
A3a,Training,0.323258,0.533154,0.375806,0.842952,0.842971,0.438453
A3b,Training,0.032078,0.325412,0.217039,0.281819,0.281834,0.123756
A4a,Training,2.927935,2.769738,2.935019,2.326561,2.326556,2.618082
A4b,Training,1.208537,0.966746,1.062245,1.018882,1.018884,1.249773
A6b,Training,1.172515,1.362230,1.143959,1.523786,1.523864,0.050576
B1a,Training,0.920241,0.918963,0.794837,0.993199,0.993234,0.594132
B1b,Training,0.313264,0.372260,0.268368,0.232704,0.232742,0.300790
B2a,Training,0.813927,1.021423,1.211676,1.181193,1.181101,2.740587
B5a,Training,0.752333,0.357282,0.421382,0.570609,0.570593,0.500833
B5b,Training,0.531221,0.126369,0.347949,0.494024,0.494077,0.229280
B3a,Training,1.638734,1.568365,1.908415,0.257553,0.257490,1.477817
B3b,Training,0.474628,0.222090,0.378369,0.080610,0.080624,0.314034
B4a,Training,0.284734,0.163895,0.314525,0.163629,0.163624,0.074766
B4b,Training,1.212034,1.415645,1.328532,1.309290,1.309277,1.284020
B6a,Training,0.269683,0.340925,0.058435,1.032117,1.032192,0.272668
B6b,Training,0.162353,0.019967,0.268893,0.387319,0.387394,1.000367
D1a,Training,1.411103,1.401918,1.279864,1.469147,1.469182,1.092723
D1b,Training,0.714033,0.765480,0.662941,0.624695,0.624732,0.109520
D2b,Training,0.525093,0.686112,0.964188,0.410077,0.409964,2.458708
D5a,Training,0.597670,0.263250,0.530233,0.672529,0.672588,0.086569
D5b,Training,0.887689,0.510396,0.780004,0.356199,0.356265,0.613531
D3a,Training,0.136731,0.054912,0.049877,0.041117,0.041123,0.112245
D3b,Training,1.444723,1.186586,1.349261,0.799771,0.799759,1.148608
D4a,Training,0.926957,1.046893,0.825781,1.869432,1.869439,1.543912
D4b,Training,1.357400,1.554816,1.403752,1.889056,1.889055,1.630853
D6a,Training,0.227090,0.313669,0.140122,0.303916,0.303975,0.703485
C1a,Training,1.591284,1.603173,1.602568,0.883351,0.883368,0.840000
C1b,Training,2.250558,2.321000,2.340268,1.365312,1.365333,1.157387
C2a,Training,1.829742,1.607606,1.305221,2.144727,2.144837,0.249244
C2b,Training,0.925623,0.772317,0.494448,1.047981,1.048095,0.997567
C5a,Training,2.425849,2.935017,2.909092,2.416060,2.416068,2.695142
C5b,Training,1.697454,2.121105,2.035018,1.867873,1.867900,1.658736
C3a,Training,2.147244,2.316958,2.205590,2.325682,2.325686,2.252426
C3b,Training,0.530402,0.681065,0.471144,1.059749,1.059794,0.109865
C4a,Training,2.272123,2.407432,2.282844,2.561399,2.561396,2.424602
C6a,Training,0.719755,0.748470,0.433289,1.663519,1.663600,0.244363
E1a,Training,1.789216,1.691334,2.008957,0.145394,0.145268,2.686091
E1b,Training,1.978310,1.928208,2.275064,0.074263,0.074142,2.467949
E2a,Training,0.554065,0.216616,0.306105,0.589474,0.589516,0.264873
E2b,Training,0.603310,0.321800,0.444437,0.820030,0.820067,0.109636
E5a,Training,1.181052,1.496382,1.811231,0.037355,0.037481,2.580613
E3a,Training,1.005317,1.023098,1.192464,0.338417,0.338299,2.499871
E4a,Training,0.407584,0.357691,0.459487,0.113454,0.113335,2.122695
E4b,Training,1.341687,1.354865,1.511543,0.652839,0.652720,2.609189
E6a,Training,1.373707,1.304831,1.444109,0.470260,0.470180,2.008576
E6b,Training,1.334148,1.324881,1.502625,0.160265,0.160186,1.616181
J1a,Training,1.080235,1.167287,0.897413,2.197959,2.198096,0.427774
J1b,Training,0.096627,0.130736,0.153972,1.444874,1.444998,0.899877
J2a,Training,2.265586,2.589232,2.542853,2.881160,2.881216,1.897348
J5a,Training,1.623188,1.305973,1.074720,2.193621,2.193745,0.293467
J5b,Training,1.649589,1.298190,1.063733,2.345960,2.346073,0.113041
J3b,Training,2.911455,2.892574,2.845047,2.934934,2.935019,1.582833
J4a,Training,1.808082,1.839315,1.749915,1.668886,1.669030,0.670198
J4b,Training,1.519391,1.473603,1.337353,1.761801,1.761939,0.427961
J6a,Training,2.134763,2.230466,2.171186,2.313816,2.313902,0.789639
J6b,Training,1.182155,1.165042,1.054426,1.741548,1.741630,0.333557
F1a,Training,2.934562,2.934786,2.935018,2.232842,2.232859,2.234472
F1b,Training,2.857511,2.919498,2.935018,2.046787,2.046807,1.905767
F2a,Training,0.397454,0.184040,0.071478,0.409100,0.409023,1.676603
F2b,Training,1.487337,1.330876,1.171206,0.879590,0.879685,0.777147
F5a,Training,1.512745,1.903753,1.828358,1.703697,1.703721,1.653414
F3a,Training,2.550798,2.703800,2.607345,2.636206,2.636213,2.522857
F4a,Training,2.638813,2.742795,2.614214,2.935019,2.935018,2.809463
F4b,Training,2.610072,2.785669,2.720656,2.524367,2.524360,2.438221
F6a,Training,2.309416,2.371859,2.206675,2.314083,2.314142,1.353218
F6b,Training,2.541211,2.670429,2.538354,2.335977,2.336035,1.300607
G1a,Training,0.473958,0.391499,0.250483,0.740104,0.740128,0.561891
G1b,Training,1.201061,1.170681,1.054454,1.270372,1.270398,0.979191
G3a,Training,1.638013,1.708224,1.472145,2.691902,2.691915,2.435023
G4a,Training,1.719789,1.777542,1.650199,1.978223,1.978209,2.068421
G4b,Training,0.589786,0.700379,0.520812,1.315451,1.315445,1.167238
G6a,Training,0.427084,0.504251,0.812822,0.645980,0.646034,0.248914
G6b,Training,0.650555,0.736857,0.604333,0.440327,0.440372,0.373399
H1b,Training,0.392459,0.464904,0.482587,0.442530,0.442511,0.610623
H2b,Training,0.243273,0.442659,0.769457,0.145454,0.145575,2.026376
H5b,Training,0.316927,0.586973,0.370890,1.145225,1.145283,0.368010
H3a,Training,0.620110,0.600821,0.864982,0.472284,0.472308,0.021415
H4a,Training,0.955295,0.900907,0.637411,2.026453,2.026464,1.644543
H4b,Training,0.439473,0.470886,0.276534,1.127101,1.127103,0.828403
K1b,Training,1.992088,1.896768,1.779237,2.166625,2.166637,2.145127
K2a,Training,0.758836,1.054231,1.372850,0.274378,0.274278,1.971315
K2b,Training,0.277686,0.487457,0.646777,0.926586,0.926503,2.380639
K5a,Training,2.935018,2.551403,2.570565,2.935018,2.935019,2.556932
K5b,Training,1.404186,1.032173,1.097276,1.312843,1.312831,1.245087
K3a,Training,0.097493,0.031852,0.263939,0.951721,0.951731,0.750240
K3b,Training,0.120678,0.011822,0.171424,0.634450,0.634455,0.435161
K4a,Training,0.478998,0.497115,0.250618,1.598921,1.598922,1.417255
K4b,Training,0.047045,0.061065,0.115660,0.656826,0.656820,0.520879
K6a,Training,0.103441,0.157262,0.468624,1.001719,1.001776,0.044130
K6b,Training,0.432409,0.438715,0.707264,0.364187,0.364242,0.620906
I1a,Training,1.401649,1.406628,1.306459,1.424332,1.424357,1.224893
I1b,Training,2.138280,2.151506,2.170765,1.242841,1.242855,1.197206
I5b,Training,0.562201,0.195729,0.461295,0.634279,0.634347,0.361509
I3a,Training,0.613513,0.760652,0.557811,1.408329,1.408346,1.059811
I3b,Training,0.748510,0.964920,0.818765,1.231408,1.231418,0.938957
I4a,Training,2.557683,2.498299,2.935019,0.680800,0.680719,2.346082
I6b,Training,1.068132,1.178819,0.953366,1.487883,1.487949,0.272446
A1a,Validation,1.208056,1.225957,1.185561,0.752351,0.752378,0.525485
A1b,Validation,1.363109,1.452753,1.407669,0.894963,0.894999,0.394965
B2b,Validation,0.010444,0.147588,0.352900,0.373129,0.373029,2.156103
D2a,Validation,0.465260,0.693912,0.996580,0.145066,0.144958,2.027703
C4b,Validation,2.563702,2.768589,2.617080,3.096858,3.096857,2.828886
C6b,Validation,1.557484,1.696031,1.536242,1.512954,1.513011,0.460620
E5b,Validation,0.704546,1.049664,1.373725,0.627010,0.627131,1.825903
J2b,Validation,1.979224,2.237098,2.168104,2.856930,2.856973,2.132194
F3b,Validation,0.189004,0.053537,0.244695,0.220178,0.220228,0.772205
G2a,Validation,0.081954,0.210603,0.535179,0.596919,0.597021,1.150074
G2b,Validation,0.340115,0.110626,0.182599,0.612466,0.612571,1.253864
G5a,Validation,0.831034,1.175480,1.110618,0.917790,0.917801,1.088615
G5b,Validation,0.315447,0.647518,0.414360,1.478364,1.478407,0.948896
H1a,Validation,1.306142,1.265065,1.086649,1.696309,1.696351,1.167275
H5a,Validation,0.198206,0.590350,0.527978,0.293141,0.293156,0.376571
H6a,Validation,0.732199,0.879275,1.242193,0.354259,0.354346,1.165415
K1a,Validation,2.332939,2.192407,2.052136,2.717973,2.717982,2.832270
I2b,Validation,1.638744,1.827371,2.067028,1.608791,1.608698,3.279021
H2a,Testing,0.039339,0.339826,0.710554,0.547649,0.547775,1.645226
H6b,Testing,0.143502,0.228063,0.074483,1.016445,1.016523,0.445749
A6a,Testing,0.316846,0.374965,0.096896,0.997531,0.997615,0.494695
J3a,Testing,2.904955,2.870214,2.727012,3.089222,3.089360,0.683953
I6a,Testing,1.168864,1.214154,0.946493,1.832564,1.832635,0.622996
I5a,Testing,0.937739,0.601355,0.796562,0.017732,0.017768,0.301257
H3b,Testing,0.670457,0.883090,0.680232,1.491333,1.491353,0.984187
F5b,Testing,1.507156,1.927975,1.852664,1.639533,1.639563,1.409032
I2a,Testing,0.101501,0.177809,0.381079,0.319663,0.319569,1.878381
G3b,Testing,0.305005,0.116302,0.174206,0.426218,0.426229,0.331780
E3b,Testing,0.188311,0.199199,0.110523,0.688967,0.689043,0.606637
I4b,Testing,1.597193,1.762932,1.638202,1.986425,1.986415,1.913653
D6b,Testing,0.124707,0.011320,0.238570,0.442493,0.442566,0.924446
