Solution_ID,Intercept,X1,X2,X3,X4,X5,MSE_train
0,1.992574,-0.097020,-0.301679,-0.490981,0.175461,0.200815,0.028175
1,2.008368,0.086201,-0.045890,-0.210689,0.204877,-0.088281,0.029583
2,1.912101,-0.181547,-0.288003,-0.589927,0.056071,0.204389,0.041908
3,1.940697,-0.139133,-0.257725,-0.554787,0.066496,0.174268,0.032420
4,1.989126,-0.087653,-0.269022,-0.478833,0.145628,0.184639,0.025224
5,1.983750,-0.099199,-0.299690,-0.485042,0.174416,0.202982,0.028803
6,1.988620,-0.047767,-0.220616,-0.272566,0.222748,0.060359,0.028052
7,1.993452,-0.081429,-0.124248,-0.475363,0.010061,0.110903,0.033012
8,1.992005,-0.091879,-0.271378,-0.451754,0.167148,0.173130,0.025374
9,2.071464,-0.028313,-0.097986,-0.256960,0.174658,-0.050355,0.028788
10,1.919280,-0.187180,-0.268019,-0.610000,0.023536,0.214998,0.042496
11,2.013726,0.072681,-0.045023,-0.188432,0.218451,-0.096867,0.030363
12,2.012252,0.024065,-0.214769,-0.278287,0.207216,0.025743,0.023276
13,1.973482,-0.122608,-0.292714,-0.517709,0.138813,0.203010,0.029284
14,1.959846,0.003956,-0.011549,-0.295552,0.091138,-0.124540,0.039926
15,1.955350,-0.137300,-0.209730,-0.465798,0.066235,0.131849,0.029882
16,2.009770,-0.012161,-0.061477,-0.449182,-0.033796,0.011177,0.038492
17,1.970375,-0.147492,-0.260696,-0.549651,0.054071,0.148939,0.026585
18,1.927672,-0.185335,-0.306416,-0.610000,0.067971,0.225211,0.040990
19,1.933846,0.028888,-0.120133,-0.316584,0.207123,0.064401,0.036035
20,1.998015,-0.038664,-0.116395,-0.439549,0.008672,0.003530,0.027513
21,1.922999,-0.184994,-0.281793,-0.610000,0.054244,0.217856,0.042508
22,1.983785,-0.104810,-0.283246,-0.498765,0.151574,0.193342,0.027479
23,1.936507,-0.179803,-0.312521,-0.610000,0.080429,0.234507,0.040039
24,1.981406,-0.102411,-0.262658,-0.495447,0.129129,0.191568,0.026748
25,1.975208,-0.119811,-0.305451,-0.521489,0.153515,0.214352,0.030729
26,2.013440,0.067357,-0.037335,-0.177598,0.224145,-0.100022,0.032018
27,2.009386,0.071533,-0.039800,-0.185732,0.224412,-0.089694,0.031518
28,1.963818,-0.135402,-0.306054,-0.544313,0.133112,0.218342,0.032435
29,1.975598,-0.120621,-0.304860,-0.520247,0.153931,0.213718,0.030697
30,1.986230,-0.097244,-0.298305,-0.489567,0.175440,0.205123,0.028965
31,1.968781,0.064029,-0.047731,-0.280221,0.139999,-0.080869,0.032232
32,2.000333,-0.091131,-0.258493,-0.428637,0.171182,0.153784,0.024307
