System,Dataset,Real_Values,Predicted_Values,Error,Abs_error,Pred_retrain,Error_retrain,Abs_error_retrain
Synthetic_01a_1,Training,3.175865,2.958032,-0.217833,0.217833,2.904645,-0.271220,0.271220
Synthetic_01a_2,Training,2.420015,2.380657,-0.039358,0.039358,2.404104,-0.015911,0.015911
Synthetic_01a_3,Training,2.519253,2.423791,-0.095462,0.095462,2.428792,-0.090462,0.090462
Synthetic_01a_4,Training,1.386267,1.238836,-0.147431,0.147431,1.248747,-0.137520,0.137520
Synthetic_01a_5,Training,2.055622,2.015085,-0.040537,0.040537,2.035667,-0.019954,0.019954
Synthetic_01a_6,Training,1.762120,1.625096,-0.137024,0.137024,1.608780,-0.153340,0.153340
Synthetic_01a_7,Training,2.515618,2.459104,-0.056514,0.056514,2.415568,-0.100050,0.100050
Synthetic_01a_8,Training,2.179151,2.284477,0.105325,0.105325,2.281176,0.102025,0.102025
Synthetic_01a_9,Training,2.267170,2.372975,0.105806,0.105806,2.341365,0.074195,0.074195
Synthetic_01a_10,Training,2.367946,2.451855,0.083909,0.083909,2.410390,0.042445,0.042445
Synthetic_01a_11,Training,2.511696,2.734256,0.222560,0.222560,2.703738,0.192042,0.192042
Synthetic_01a_12,Training,1.572354,1.323286,-0.249068,0.249068,1.313959,-0.258395,0.258395
Synthetic_01a_13,Training,1.732430,2.003373,0.270943,0.270943,2.023100,0.290670,0.290670
Synthetic_01a_14,Training,1.700457,1.697047,-0.003410,0.003410,1.708206,0.007749,0.007749
Synthetic_01a_15,Training,1.148317,1.319406,0.171089,0.171089,1.263720,0.115403,0.115403
Synthetic_01a_16,Training,1.948755,2.138535,0.189779,0.189779,2.144792,0.196037,0.196037
Synthetic_01a_17,Training,1.586256,1.645365,0.059109,0.059109,1.662813,0.076557,0.076557
Synthetic_01a_18,Training,2.149094,2.166876,0.017782,0.017782,2.134956,-0.014138,0.014138
Synthetic_01a_19,Training,1.959111,1.947567,-0.011544,0.011544,1.953921,-0.005190,0.005190
Synthetic_01a_20,Training,2.817311,2.680892,-0.136419,0.136419,2.669525,-0.147786,0.147786
Synthetic_01a_21,Training,2.023982,2.082961,0.058980,0.058980,2.036644,0.012662,0.012662
Synthetic_01a_22,Training,2.391278,2.345653,-0.045626,0.045626,2.353485,-0.037793,0.037793
Synthetic_01a_23,Training,2.110356,2.071534,-0.038822,0.038822,2.032865,-0.077491,0.077491
Synthetic_01a_24,Training,1.699718,1.733161,0.033443,0.033443,1.759861,0.060143,0.060143
Synthetic_01a_25,Training,2.357974,2.388404,0.030430,0.030430,2.340433,-0.017542,0.017542
Synthetic_01a_26,Training,2.405144,2.337032,-0.068112,0.068112,2.372830,-0.032314,0.032314
Synthetic_01a_27,Training,2.420576,2.402783,-0.017793,0.017793,2.410382,-0.010193,0.010193
Synthetic_01a_28,Training,1.252029,1.259498,0.007469,0.007469,1.266093,0.014064,0.014064
Synthetic_01a_29,Training,1.344385,1.693951,0.349567,0.349567,1.652826,0.308441,0.308441
Synthetic_01a_30,Training,1.852937,1.821197,-0.031740,0.031740,1.852871,-0.000066,0.000066
Synthetic_01a_31,Training,1.890223,1.810365,-0.079858,0.079858,1.831744,-0.058479,0.058479
Synthetic_01a_32,Training,1.545198,1.619825,0.074627,0.074627,1.668040,0.122842,0.122842
Synthetic_01a_33,Training,1.610917,1.545061,-0.065856,0.065856,1.543970,-0.066947,0.066947
Synthetic_01a_34,Training,2.129416,1.883065,-0.246351,0.246351,1.821318,-0.308098,0.308098
Synthetic_01a_35,Training,2.273752,2.221688,-0.052065,0.052065,2.164298,-0.109454,0.109454
Synthetic_01a_36,Validation,1.398289,1.181086,-0.217204,0.217204,1.262695,-0.135595,0.135595
Synthetic_01a_37,Validation,2.171072,2.212942,0.041870,0.041870,2.151047,-0.020025,0.020025
Synthetic_01a_38,Validation,2.328370,2.372462,0.044092,0.044092,2.348795,0.020425,0.020425
Synthetic_01a_39,Validation,2.330089,2.365558,0.035469,0.035469,2.325459,-0.004631,0.004631
Synthetic_01a_40,Validation,2.014288,2.264397,0.250109,0.250109,2.194326,0.180039,0.180039
Synthetic_01a_41,Validation,2.108963,2.153709,0.044746,0.044746,2.120513,0.011550,0.011550
Synthetic_01a_42,Validation,1.187246,1.353750,0.166504,0.166504,1.346496,0.159250,0.159250
Synthetic_01a_43,Validation,1.677882,1.585388,-0.092494,0.092494,1.629995,-0.047886,0.047886
Synthetic_01a_44,Validation,2.135012,2.349195,0.214183,0.214183,2.288984,0.153972,0.153972
Synthetic_01a_45,Testing,2.452392,2.424897,-0.027495,0.027495,2.379022,-0.073371,0.073371
Synthetic_01a_46,Testing,2.575055,2.707696,0.132641,0.132641,2.643930,0.068875,0.068875
Synthetic_01a_47,Testing,1.444428,1.083619,-0.360810,0.360810,1.158928,-0.285500,0.285500
Synthetic_01a_48,Testing,2.549295,2.394101,-0.155194,0.155194,2.376830,-0.172465,0.172465
Synthetic_01a_49,Testing,1.661473,1.615750,-0.045722,0.045722,1.577662,-0.083811,0.083811
Synthetic_01a_50,Testing,1.257903,1.517967,0.260063,0.260063,1.450650,0.192746,0.192746
Synthetic_01a_51,Testing,1.661831,1.776176,0.114345,0.114345,1.788905,0.127074,0.127074
Synthetic_01a_52,Testing,1.832341,1.662504,-0.169837,0.169837,1.621255,-0.211086,0.211086
Synthetic_01a_53,Testing,1.322375,1.421353,0.098979,0.098979,1.392528,0.070153,0.070153
Synthetic_01a_54,Testing,2.378914,2.498234,0.119321,0.119321,2.464242,0.085329,0.085329
Synthetic_01a_55,Testing,2.354492,2.293832,-0.060661,0.060661,2.266977,-0.087516,0.087516
Synthetic_01a_56,Testing,2.724066,2.840212,0.116147,0.116147,2.701233,-0.022833,0.022833
Synthetic_01a_57,Testing,2.246550,2.277017,0.030467,0.030467,2.286951,0.040401,0.040401
Synthetic_01a_58,Testing,2.819727,2.873540,0.053813,0.053813,2.764356,-0.055371,0.055371
Synthetic_01a_59,Testing,1.507899,1.371449,-0.136450,0.136450,1.443965,-0.063933,0.063933
