systems,Dataset,Sol_6_AbsErr,Sol_15_AbsErr,Sol_16_AbsErr,Sol_1_AbsErr,Sol_3_AbsErr,Sol_10_AbsErr,Sol_13_AbsErr,Sol_7_AbsErr,Sol_8_AbsErr,Sol_9_AbsErr,Sol_5_AbsErr,Sol_2_AbsErr,Sol_11_AbsErr,Sol_17_AbsErr,Sol_14_AbsErr
Synthetic_01a_1,Training,0.239771,0.332321,0.311966,0.298484,0.335763,0.328119,0.110880,0.294778,0.325364,0.321391,0.234494,0.274245,0.120588,0.126717,0.114041
Synthetic_01a_2,Training,0.012453,0.120069,0.019029,0.167703,0.161726,0.161356,0.087348,0.165068,0.187991,0.260531,0.081804,0.219489,0.156396,0.178513,0.171223
Synthetic_01a_3,Training,0.059755,0.198002,0.078371,0.229677,0.073900,0.229896,0.005894,0.339532,0.320231,0.215280,0.079846,0.276680,0.337636,0.339530,0.317015
Synthetic_01a_4,Training,0.090869,0.042689,0.049468,0.008146,0.008132,0.068724,0.151504,0.011699,0.038658,0.055198,0.036398,0.150672,0.128429,0.151132,0.231555
Synthetic_01a_5,Training,0.054060,0.003756,0.039816,0.011993,0.052284,0.025850,0.056499,0.057729,0.054230,0.030895,0.075426,0.206498,0.118758,0.142449,0.203765
Synthetic_01a_6,Training,0.181489,0.185186,0.162989,0.147645,0.157988,0.075162,0.149149,0.112090,0.149091,0.100644,0.058822,0.142855,0.166252,0.172845,0.194702
Synthetic_01a_7,Training,0.092674,0.151434,0.129078,0.111215,0.111224,0.100269,0.002365,0.116578,0.138531,0.087693,0.023210,0.096660,0.030555,0.032786,0.032480
Synthetic_01a_8,Training,0.173922,0.075273,0.176267,0.057800,0.247331,0.031702,0.171158,0.070987,0.084699,0.137195,0.170293,0.007319,0.077533,0.079429,0.061873
Synthetic_01a_9,Training,0.083597,0.026390,0.049157,0.056502,0.026012,0.073295,0.169537,0.077085,0.045453,0.050584,0.129585,0.056367,0.145464,0.136462,0.129428
Synthetic_01a_10,Training,0.025134,0.034880,0.030538,0.020158,0.023764,0.084723,0.146180,0.002434,0.042477,0.019220,0.164635,0.052483,0.059816,0.059472,0.021394
Synthetic_01a_11,Training,0.337740,0.267758,0.312065,0.269168,0.339531,0.160556,0.332343,0.212570,0.108989,0.323585,0.253713,0.255048,0.335833,0.319508,0.339531
Synthetic_01a_12,Training,0.332408,0.339351,0.278933,0.319671,0.338226,0.245777,0.306916,0.249362,0.325521,0.255307,0.234506,0.192127,0.337450,0.339274,0.316165
Synthetic_01a_13,Training,0.332880,0.240775,0.339504,0.211746,0.335817,0.231044,0.339531,0.138914,0.131518,0.229975,0.326476,0.128987,0.076291,0.064851,0.060153
Synthetic_01a_14,Training,0.014044,0.021877,0.031331,0.026162,0.043609,0.018227,0.030308,0.017971,0.041621,0.032838,0.032266,0.045961,0.046056,0.065051,0.079560
Synthetic_01a_15,Training,0.032551,0.078002,0.091183,0.160221,0.192938,0.239573,0.051118,0.185340,0.125147,0.339532,0.267596,0.316799,0.130596,0.147327,0.164226
Synthetic_01a_16,Training,0.339531,0.328497,0.318294,0.339531,0.331801,0.326485,0.306452,0.339531,0.275214,0.323344,0.325641,0.131497,0.335700,0.298811,0.219787
Synthetic_01a_17,Training,0.154672,0.116588,0.191123,0.112820,0.337801,0.147046,0.085011,0.030363,0.019727,0.229369,0.241262,0.054244,0.163358,0.169918,0.210643
Synthetic_01a_18,Training,0.036623,0.078117,0.060219,0.040237,0.093744,0.002819,0.054451,0.005684,0.026083,0.042677,0.041613,0.016042,0.048906,0.041839,0.033499
Synthetic_01a_19,Training,0.067079,0.000309,0.100590,0.026857,0.099038,0.065337,0.028151,0.084788,0.170194,0.051349,0.020517,0.009757,0.119457,0.129991,0.098356
Synthetic_01a_20,Training,0.058718,0.161180,0.098302,0.176515,0.148038,0.231343,0.010749,0.203417,0.261952,0.199528,0.141699,0.211781,0.112419,0.130856,0.119500
Synthetic_01a_21,Training,0.058528,0.092582,0.073222,0.042404,0.128718,0.011320,0.057825,0.037786,0.008573,0.029555,0.045594,0.078689,0.094405,0.095134,0.112381
Synthetic_01a_22,Training,0.002411,0.076652,0.050331,0.075751,0.107452,0.027492,0.081458,0.066805,0.051351,0.166801,0.014167,0.244172,0.057795,0.083214,0.143216
Synthetic_01a_23,Training,0.164575,0.210741,0.191535,0.157617,0.209241,0.062024,0.030486,0.113585,0.096862,0.159189,0.011132,0.117905,0.089508,0.086090,0.096785
Synthetic_01a_24,Training,0.102522,0.060506,0.112784,0.043073,0.037643,0.083116,0.100265,0.071554,0.021260,0.011390,0.092991,0.056785,0.009028,0.036459,0.073608
Synthetic_01a_25,Training,0.060393,0.140459,0.079534,0.109936,0.090517,0.098501,0.048983,0.113427,0.143961,0.063202,0.004777,0.018592,0.029226,0.020186,0.027020
Synthetic_01a_26,Training,0.015948,0.093675,0.036429,0.132513,0.196211,0.094145,0.094222,0.092978,0.096875,0.289172,0.063981,0.305879,0.102562,0.139482,0.190584
Synthetic_01a_27,Training,0.023292,0.061434,0.033989,0.065474,0.138981,0.024874,0.116895,0.024294,0.027060,0.181650,0.006158,0.201906,0.004512,0.023859,0.073956
Synthetic_01a_28,Training,0.006975,0.029571,0.068902,0.032760,0.099001,0.014620,0.048475,0.068770,0.128369,0.096903,0.075685,0.033820,0.207457,0.205300,0.178953
Synthetic_01a_29,Training,0.155907,0.141904,0.150369,0.206581,0.062503,0.339532,0.306963,0.339527,0.324592,0.194093,0.339531,0.339530,0.335798,0.339532,0.339530
Synthetic_01a_30,Training,0.052466,0.008466,0.064158,0.043350,0.045298,0.027877,0.047580,0.013860,0.083397,0.084327,0.008222,0.114082,0.080969,0.110098,0.127346
Synthetic_01a_31,Training,0.029610,0.015755,0.054864,0.038934,0.049467,0.045781,0.019218,0.076699,0.143614,0.001973,0.001049,0.128319,0.149057,0.171035,0.188399
Synthetic_01a_32,Training,0.132340,0.046250,0.155945,0.003363,0.061427,0.056814,0.136015,0.015692,0.031479,0.039136,0.107346,0.093200,0.150297,0.171368,0.186918
Synthetic_01a_33,Training,0.106026,0.118920,0.082671,0.103702,0.179012,0.035017,0.067128,0.009506,0.080607,0.107737,0.046566,0.060595,0.070709,0.086083,0.095001
Synthetic_01a_34,Training,0.337621,0.339532,0.318620,0.261339,0.132214,0.211891,0.304724,0.339246,0.339531,0.080667,0.113829,0.206708,0.339531,0.318872,0.314430
Synthetic_01a_35,Training,0.142103,0.164447,0.164340,0.099367,0.145714,0.063945,0.044879,0.060279,0.098472,0.052741,0.016770,0.024598,0.017402,0.019564,0.022104
Synthetic_01a_36,Validation,0.008462,0.065451,0.095505,0.174407,0.047501,0.233890,0.172944,0.184945,0.362708,0.131613,0.213953,0.183563,0.377957,0.415699,0.379144
Synthetic_01a_37,Validation,0.136249,0.195214,0.156955,0.136347,0.180638,0.069462,0.020311,0.089890,0.100055,0.097981,0.010393,0.038030,0.012584,0.003295,0.044834
Synthetic_01a_38,Validation,0.023405,0.068103,0.003071,0.051491,0.049768,0.023113,0.100110,0.128369,0.102570,0.013608,0.098141,0.085189,0.100773,0.097485,0.096037
Synthetic_01a_39,Validation,0.042938,0.113774,0.074329,0.080790,0.110269,0.050041,0.074507,0.055168,0.077082,0.077852,0.024090,0.009746,0.020382,0.020870,0.039037
Synthetic_01a_40,Validation,0.169240,0.139736,0.179121,0.190166,0.200665,0.150571,0.225575,0.208201,0.096787,0.315463,0.229516,0.410638,0.320622,0.331160,0.402240
Synthetic_01a_41,Validation,0.027745,0.019573,0.024348,0.013894,0.106412,0.030322,0.065068,0.045298,0.060816,0.101017,0.123868,0.013396,0.027179,0.023972,0.021876
Synthetic_01a_42,Validation,0.111003,0.124090,0.156467,0.144679,0.038840,0.202023,0.131397,0.277200,0.158741,0.166767,0.165856,0.263938,0.213406,0.198388,0.208246
Synthetic_01a_43,Validation,0.002507,0.062282,0.033690,0.101790,0.016555,0.055903,0.035578,0.156845,0.172308,0.090547,0.000115,0.240555,0.302117,0.322741,0.354193
Synthetic_01a_44,Validation,0.120623,0.063233,0.097709,0.125804,0.230151,0.167532,0.215337,0.045588,0.077333,0.232629,0.294809,0.159613,0.104970,0.123408,0.132677
Synthetic_01a_45,Testing,0.092575,0.144825,0.141575,0.088768,0.107119,0.036722,0.024743,0.089129,0.071315,0.083416,0.032969,0.117281,0.015103,0.015830,0.040944
Synthetic_01a_46,Testing,0.043554,0.004108,0.039973,0.074717,0.025631,0.130632,0.209750,0.115866,0.139784,0.036185,0.182237,0.037452,0.256154,0.252272,0.211272
Synthetic_01a_47,Testing,0.151153,0.209719,0.030205,0.305100,0.004024,0.347222,0.352505,0.453133,0.560067,0.153785,0.256915,0.377158,0.698654,0.717545,0.689362
Synthetic_01a_48,Testing,0.136821,0.218920,0.161903,0.213890,0.171662,0.217871,0.078681,0.243253,0.270662,0.205094,0.130595,0.233980,0.196812,0.205430,0.200966
Synthetic_01a_49,Testing,0.171178,0.177662,0.148860,0.119709,0.112776,0.026197,0.102384,0.093044,0.109461,0.032952,0.016638,0.030675,0.132201,0.122576,0.119007
Synthetic_01a_50,Testing,0.073890,0.102748,0.111913,0.190951,0.161842,0.276501,0.148147,0.255411,0.198210,0.331470,0.304337,0.399540,0.249525,0.268343,0.298860
Synthetic_01a_51,Testing,0.148413,0.099725,0.163710,0.090798,0.124761,0.127842,0.156259,0.092627,0.050916,0.099944,0.167243,0.043730,0.026054,0.009826,0.005058
Synthetic_01a_52,Testing,0.295609,0.302999,0.279596,0.237633,0.203906,0.135498,0.224144,0.237771,0.229296,0.140739,0.079949,0.182554,0.278435,0.265986,0.273655
Synthetic_01a_53,Testing,0.020887,0.026974,0.078794,0.064936,0.107639,0.112818,0.024209,0.086098,0.007450,0.197474,0.149965,0.203030,0.023299,0.029819,0.060004
Synthetic_01a_54,Testing,0.105654,0.042586,0.062348,0.071398,0.028697,0.075272,0.197821,0.096177,0.058622,0.053723,0.132612,0.070609,0.187805,0.176816,0.171315
Synthetic_01a_55,Testing,0.061742,0.108492,0.089011,0.080651,0.107129,0.069022,0.002733,0.060151,0.102802,0.080238,0.022841,0.096978,0.005971,0.018213,0.031520
Synthetic_01a_56,Testing,0.181893,0.213721,0.257896,0.074914,0.248062,0.022009,0.081635,0.035335,0.017379,0.027162,0.052728,0.218862,0.298636,0.328243,0.382119
Synthetic_01a_57,Testing,0.127521,0.058653,0.105269,0.040449,0.027045,0.021821,0.146138,0.054999,0.011101,0.006636,0.057939,0.050100,0.073422,0.044240,0.022024
Synthetic_01a_58,Testing,0.167893,0.229470,0.245636,0.124988,0.233213,0.081340,0.063659,0.066971,0.061998,0.101472,0.013281,0.065733,0.154629,0.176119,0.213129
Synthetic_01a_59,Testing,0.064598,0.008669,0.132479,0.069982,0.091759,0.082949,0.068585,0.136916,0.223325,0.035163,0.042997,0.220673,0.327393,0.361118,0.380850
