Original_Index,Intercept,X1,X2,X3,X4,X5,MSE_train
1,1.99257400,-0.09702000,-0.30167900,-0.49098100,0.17546100,0.20081500,0.02817500
2,2.00836800,0.08620100,-0.04589000,-0.21068900,0.20487700,-0.08828100,0.02958300
3,1.91210100,-0.18154700,-0.28800300,-0.58992700,0.05607100,0.20438900,0.04190800
4,1.94069700,-0.13913300,-0.25772500,-0.55478700,0.06649600,0.17426800,0.03242000
5,1.98912600,-0.08765300,-0.26902200,-0.47883300,0.14562800,0.18463900,0.02522400
6,1.98375000,-0.09919900,-0.29969000,-0.48504200,0.17441600,0.20298200,0.02880300
7,1.98862000,-0.04776700,-0.22061600,-0.27256600,0.22274800,0.06035900,0.02805200
8,1.99345200,-0.08142900,-0.12424800,-0.47536300,0.01006100,0.11090300,0.03301200
9,1.99200500,-0.09187900,-0.27137800,-0.45175400,0.16714800,0.17313000,0.02537400
10,2.07146400,-0.02831300,-0.09798600,-0.25696000,0.17465800,-0.05035500,0.02878800
11,1.91928000,-0.18718000,-0.26801900,-0.61000000,0.02353600,0.21499800,0.04249600
12,2.01372600,0.07268100,-0.04502300,-0.18843200,0.21845100,-0.09686700,0.03036300
13,2.01225200,0.02406500,-0.21476900,-0.27828700,0.20721600,0.02574300,0.02327600
14,1.97348200,-0.12260800,-0.29271400,-0.51770900,0.13881300,0.20301000,0.02928400
15,1.95984600,0.00395600,-0.01154900,-0.29555200,0.09113800,-0.12454000,0.03992600
16,1.95535000,-0.13730000,-0.20973000,-0.46579800,0.06623500,0.13184900,0.02988200
17,2.00977000,-0.01216100,-0.06147700,-0.44918200,-0.03379600,0.01117700,0.03849200
18,1.97037500,-0.14749200,-0.26069600,-0.54965100,0.05407100,0.14893900,0.02658500
19,1.92767200,-0.18533500,-0.30641600,-0.61000000,0.06797100,0.22521100,0.04099000
20,1.93384600,0.02888800,-0.12013300,-0.31658400,0.20712300,0.06440100,0.03603500
21,1.99801500,-0.03866400,-0.11639500,-0.43954900,0.00867200,0.00353000,0.02751300
22,1.92299900,-0.18499400,-0.28179300,-0.61000000,0.05424400,0.21785600,0.04250800
23,1.98378500,-0.10481000,-0.28324600,-0.49876500,0.15157400,0.19334200,0.02747900
24,1.93650700,-0.17980300,-0.31252100,-0.61000000,0.08042900,0.23450700,0.04003900
25,1.98140600,-0.10241100,-0.26265800,-0.49544700,0.12912900,0.19156800,0.02674800
26,1.97520800,-0.11981100,-0.30545100,-0.52148900,0.15351500,0.21435200,0.03072900
27,2.01344000,0.06735700,-0.03733500,-0.17759800,0.22414500,-0.10002200,0.03201800
28,2.00938600,0.07153300,-0.03980000,-0.18573200,0.22441200,-0.08969400,0.03151800
29,1.96381800,-0.13540200,-0.30605400,-0.54431300,0.13311200,0.21834200,0.03243500
30,1.97559800,-0.12062100,-0.30486000,-0.52024700,0.15393100,0.21371800,0.03069700
31,1.98623000,-0.09724400,-0.29830500,-0.48956700,0.17544000,0.20512300,0.02896500
32,1.96878100,0.06402900,-0.04773100,-0.28022100,0.13999900,-0.08086900,0.03223200
33,2.00033300,-0.09113100,-0.25849300,-0.42863700,0.17118200,0.15378400,0.02430700
