Solution_ID,X_M062X,X_M06HF,X_TPSSh,X_M062XD3,MSE_train
0,0.443293,0.276619,0.218794,0.061294,0.184160
1,0.443306,0.276615,0.218785,0.061294,0.184161
2,0.443304,0.276620,0.218783,0.061294,0.184162
3,0.443307,0.276615,0.218784,0.061294,0.184162
4,0.443302,0.276613,0.218790,0.061294,0.184161
5,0.443305,0.276615,0.218786,0.061294,0.184161
6,0.443308,0.276615,0.218783,0.061294,0.184162
7,0.443294,0.276616,0.218796,0.061294,0.184160
8,0.443307,0.276616,0.218784,0.061294,0.184162
9,0.443305,0.276616,0.218785,0.061294,0.184161
10,0.443297,0.276619,0.218790,0.061294,0.184161
11,0.443303,0.276613,0.218790,0.061294,0.184161
12,0.443306,0.276615,0.218785,0.061294,0.184161
13,0.443302,0.276616,0.218789,0.061294,0.184161
14,0.443318,0.276613,0.218775,0.061294,0.184163
15,0.443305,0.276616,0.218786,0.061294,0.184162
16,0.443303,0.276615,0.218787,0.061294,0.184161
17,0.443304,0.276616,0.218786,0.061294,0.184161
18,0.443301,0.276616,0.218789,0.061294,0.184161
19,0.443305,0.276616,0.218786,0.061294,0.184162
20,0.443305,0.276616,0.218786,0.061294,0.184162
21,0.443298,0.276617,0.218791,0.061294,0.184161
22,0.443318,0.276613,0.218775,0.061294,0.184163
23,0.443305,0.276616,0.218785,0.061294,0.184161
24,0.443305,0.276616,0.218786,0.061294,0.184162
25,0.443309,0.276614,0.218783,0.061294,0.184162
26,0.443304,0.276616,0.218786,0.061294,0.184161
27,0.443305,0.276616,0.218786,0.061294,0.184162
28,0.443305,0.276616,0.218785,0.061294,0.184161
29,0.443303,0.276615,0.218788,0.061294,0.184161
30,0.443309,0.276615,0.218781,0.061294,0.184161
31,0.443318,0.276613,0.218775,0.061294,0.184163
32,0.443305,0.276616,0.218786,0.061294,0.184162
33,0.443304,0.276616,0.218787,0.061294,0.184162
34,0.443307,0.276617,0.218782,0.061294,0.184162
35,0.443302,0.276616,0.218787,0.061294,0.184161
36,0.443306,0.276616,0.218784,0.061294,0.184161
37,0.443305,0.276616,0.218786,0.061294,0.184162
38,0.443306,0.276615,0.218785,0.061294,0.184161
39,0.443305,0.276615,0.218785,0.061294,0.184161
40,0.443305,0.276616,0.218785,0.061294,0.184161
41,0.443305,0.276616,0.218785,0.061294,0.184161
42,0.443322,0.276610,0.218774,0.061294,0.184163
43,0.443305,0.276615,0.218785,0.061294,0.184161
44,0.443305,0.276616,0.218786,0.061294,0.184162
45,0.443306,0.276619,0.218781,0.061294,0.184162
46,0.443305,0.276618,0.218784,0.061294,0.184162
47,0.443307,0.276616,0.218783,0.061294,0.184162
48,0.443305,0.276616,0.218786,0.061294,0.184162
49,0.443297,0.276617,0.218793,0.061294,0.184161
50,0.443308,0.276615,0.218783,0.061294,0.184162
51,0.443306,0.276616,0.218784,0.061294,0.184161
52,0.443305,0.276616,0.218785,0.061294,0.184161
53,0.443305,0.276616,0.218786,0.061294,0.184162
54,0.443309,0.276615,0.218782,0.061294,0.184162
55,0.443305,0.276616,0.218785,0.061294,0.184161
56,0.443307,0.276615,0.218784,0.061294,0.184162
57,0.443305,0.276616,0.218786,0.061294,0.184162
58,0.443305,0.276616,0.218786,0.061294,0.184162
59,0.443302,0.276618,0.218786,0.061294,0.184161
60,0.443312,0.276614,0.218780,0.061294,0.184162
61,0.443305,0.276616,0.218786,0.061294,0.184162
62,0.443305,0.276616,0.218786,0.061294,0.184162
63,0.443305,0.276615,0.218786,0.061294,0.184161
64,0.443307,0.276614,0.218785,0.061294,0.184161
65,0.443306,0.276616,0.218784,0.061294,0.184161
66,0.443293,0.276617,0.218797,0.061294,0.184160
67,0.443285,0.276618,0.218803,0.061294,0.184159
68,0.443299,0.276616,0.218791,0.061294,0.184161
69,0.443303,0.276616,0.218787,0.061294,0.184161
70,0.443305,0.276616,0.218785,0.061294,0.184161
71,0.443305,0.276616,0.218786,0.061294,0.184162
72,0.443304,0.276616,0.218786,0.061294,0.184161
73,0.443305,0.276615,0.218786,0.061294,0.184161
74,0.443295,0.276615,0.218796,0.061294,0.184160
75,0.443308,0.276614,0.218784,0.061294,0.184162
76,0.443303,0.276616,0.218787,0.061294,0.184161
77,0.443303,0.276615,0.218788,0.061294,0.184161
78,0.443305,0.276616,0.218786,0.061294,0.184162
79,0.443307,0.276615,0.218784,0.061294,0.184162
80,0.443300,0.276613,0.218793,0.061294,0.184161
81,0.443300,0.276616,0.218790,0.061294,0.184161
82,0.443321,0.276611,0.218774,0.061294,0.184163
83,0.443304,0.276617,0.218785,0.061294,0.184161
84,0.443316,0.276613,0.218776,0.061294,0.184162
85,0.443304,0.276616,0.218786,0.061294,0.184161
86,0.443302,0.276615,0.218788,0.061294,0.184161
87,0.443308,0.276615,0.218782,0.061294,0.184161
88,0.443303,0.276617,0.218786,0.061294,0.184161
89,0.443304,0.276616,0.218786,0.061294,0.184161
90,0.443305,0.276616,0.218785,0.061294,0.184161
91,0.443310,0.276612,0.218784,0.061294,0.184162
92,0.443305,0.276616,0.218786,0.061294,0.184162
93,0.443304,0.276614,0.218789,0.061294,0.184161
94,0.443299,0.276616,0.218791,0.061294,0.184161
95,0.443320,0.276611,0.218775,0.061294,0.184163
96,0.443313,0.276615,0.218778,0.061294,0.184162
97,0.443298,0.276616,0.218792,0.061294,0.184161
98,0.443301,0.276617,0.218789,0.061294,0.184161
99,0.443304,0.276616,0.218786,0.061294,0.184161
100,0.443309,0.276613,0.218783,0.061294,0.184161
101,0.443304,0.276616,0.218786,0.061294,0.184161
102,0.443300,0.276620,0.218786,0.061294,0.184161
103,0.443292,0.276617,0.218797,0.061294,0.184160
104,0.443306,0.276617,0.218783,0.061294,0.184161
105,0.443306,0.276616,0.218784,0.061294,0.184161
106,0.443301,0.276618,0.218786,0.061294,0.184161
107,0.443305,0.276616,0.218785,0.061294,0.184161
108,0.443305,0.276616,0.218786,0.061294,0.184162
109,0.443304,0.276616,0.218786,0.061294,0.184161
110,0.443305,0.276616,0.218785,0.061294,0.184161
111,0.443301,0.276615,0.218790,0.061294,0.184161
112,0.443302,0.276616,0.218787,0.061294,0.184161
113,0.443299,0.276617,0.218790,0.061294,0.184161
114,0.443304,0.276615,0.218786,0.061294,0.184161
115,0.443302,0.276616,0.218788,0.061294,0.184161
116,0.443304,0.276615,0.218787,0.061294,0.184161
117,0.443301,0.276617,0.218788,0.061294,0.184161
118,0.443308,0.276615,0.218783,0.061294,0.184162
119,0.257897,0.297648,0.383161,0.061294,0.217716
120,0.443306,0.276615,0.218784,0.061294,0.184161
121,0.443305,0.276616,0.218785,0.061294,0.184161
122,0.443305,0.276615,0.218786,0.061294,0.184161
123,0.443305,0.276616,0.218785,0.061294,0.184161
124,0.443300,0.276616,0.218789,0.061294,0.184160
125,0.443307,0.276615,0.218784,0.061294,0.184162
126,0.443305,0.276616,0.218786,0.061294,0.184162
127,0.443306,0.276616,0.218784,0.061294,0.184161
128,0.443320,0.276615,0.218772,0.061294,0.184163
129,0.443306,0.276615,0.218785,0.061294,0.184161
130,0.443305,0.276615,0.218786,0.061294,0.184161
131,0.443304,0.276616,0.218786,0.061294,0.184161
132,0.443319,0.276616,0.218771,0.061294,0.184163
133,0.443317,0.276612,0.218777,0.061294,0.184163
134,0.443309,0.276616,0.218782,0.061294,0.184162
135,0.443304,0.276616,0.218786,0.061294,0.184161
136,0.443307,0.276614,0.218784,0.061294,0.184161
137,0.443306,0.276615,0.218785,0.061294,0.184161
138,0.443296,0.276617,0.218794,0.061294,0.184161
139,0.443302,0.276618,0.218787,0.061294,0.184161
140,0.443305,0.276616,0.218786,0.061294,0.184162
141,0.443306,0.276615,0.218784,0.061294,0.184161
142,0.370029,0.246709,0.192035,0.191227,0.184170
143,0.443317,0.276615,0.218774,0.061294,0.184163
144,0.443319,0.276613,0.218774,0.061294,0.184163
145,0.443307,0.276615,0.218783,0.061294,0.184161
146,0.443305,0.276616,0.218786,0.061294,0.184162
147,0.443310,0.276615,0.218781,0.061294,0.184162
148,0.443305,0.276615,0.218786,0.061294,0.184161
149,0.443303,0.276615,0.218788,0.061294,0.184161
150,0.443299,0.276616,0.218791,0.061294,0.184161
151,0.443305,0.276616,0.218786,0.061294,0.184162
152,0.443303,0.276616,0.218788,0.061294,0.184161
153,0.443309,0.276618,0.218779,0.061294,0.184162
154,0.443314,0.276615,0.218777,0.061294,0.184162
155,0.443307,0.276615,0.218784,0.061294,0.184162
156,0.443305,0.276616,0.218786,0.061294,0.184162
157,0.443298,0.276616,0.218792,0.061294,0.184161
158,0.443308,0.276615,0.218783,0.061294,0.184162
159,0.443305,0.276615,0.218785,0.061294,0.184161
160,0.443305,0.276616,0.218786,0.061294,0.184162
161,0.443305,0.276615,0.218786,0.061294,0.184161
162,0.443299,0.276617,0.218790,0.061294,0.184161
163,0.443303,0.276616,0.218787,0.061294,0.184161
164,0.443305,0.276616,0.218786,0.061294,0.184162
165,0.443308,0.276616,0.218782,0.061294,0.184162
166,0.443305,0.276616,0.218785,0.061294,0.184161
167,0.443307,0.276614,0.218785,0.061294,0.184161
168,0.443309,0.276615,0.218783,0.061294,0.184162
169,0.443306,0.276615,0.218785,0.061294,0.184161
170,0.443304,0.276615,0.218787,0.061294,0.184161
171,0.443295,0.276620,0.218791,0.061294,0.184160
172,0.443305,0.276615,0.218786,0.061294,0.184161
173,0.443306,0.276616,0.218784,0.061294,0.184161
174,0.443305,0.276615,0.218785,0.061294,0.184161
175,0.443304,0.276616,0.218787,0.061294,0.184162
176,0.443301,0.276617,0.218789,0.061294,0.184161
177,0.443303,0.276615,0.218788,0.061294,0.184161
178,0.443305,0.276616,0.218786,0.061294,0.184162
179,0.443306,0.276615,0.218785,0.061294,0.184161
180,0.443308,0.276616,0.218782,0.061294,0.184162
181,0.443308,0.276616,0.218782,0.061294,0.184162
182,0.443305,0.276616,0.218786,0.061294,0.184162
183,0.443305,0.276616,0.218785,0.061294,0.184161
184,0.443289,0.276618,0.218800,0.061294,0.184160
185,0.443306,0.276615,0.218785,0.061294,0.184161
186,0.443302,0.276615,0.218789,0.061294,0.184161
187,0.443308,0.276616,0.218783,0.061294,0.184162
188,0.443307,0.276615,0.218784,0.061294,0.184162
189,0.443305,0.276616,0.218786,0.061294,0.184162
190,0.443306,0.276615,0.218785,0.061294,0.184161
191,0.443306,0.276614,0.218786,0.061294,0.184161
192,0.443302,0.276615,0.218789,0.061294,0.184161
193,0.443305,0.276616,0.218786,0.061294,0.184162
194,0.443286,0.276617,0.218803,0.061294,0.184159
195,0.443304,0.276616,0.218786,0.061294,0.184161
196,0.443304,0.276615,0.218786,0.061294,0.184161
197,0.443311,0.276613,0.218782,0.061294,0.184162
198,0.443309,0.276618,0.218779,0.061294,0.184162
199,0.443305,0.276616,0.218786,0.061294,0.184162
200,0.443305,0.276616,0.218785,0.061294,0.184161
201,0.443305,0.276616,0.218785,0.061294,0.184161
202,0.443305,0.276615,0.218786,0.061294,0.184161
203,0.443300,0.276615,0.218791,0.061294,0.184161
204,0.443308,0.276615,0.218783,0.061294,0.184162
205,0.443305,0.276616,0.218786,0.061294,0.184162
206,0.443309,0.276615,0.218783,0.061294,0.184162
207,0.443308,0.276615,0.218782,0.061294,0.184161
208,0.443305,0.276616,0.218786,0.061294,0.184162
209,0.443307,0.276615,0.218784,0.061294,0.184162
210,0.443306,0.276616,0.218785,0.061294,0.184162
211,0.443307,0.276614,0.218784,0.061294,0.184161
212,0.443284,0.276620,0.218801,0.061294,0.184159
213,0.443305,0.276616,0.218784,0.061294,0.184161
214,0.443305,0.276616,0.218786,0.061294,0.184162
215,0.443289,0.276618,0.218800,0.061294,0.184160
216,0.443299,0.276615,0.218792,0.061294,0.184161
217,0.443299,0.276613,0.218794,0.061294,0.184161
218,0.443305,0.276616,0.218786,0.061294,0.184162
219,0.443316,0.276611,0.218779,0.061294,0.184162
220,0.443306,0.276615,0.218785,0.061294,0.184161
221,0.443305,0.276615,0.218786,0.061294,0.184161
222,0.443305,0.276616,0.218786,0.061294,0.184162
223,0.443300,0.276616,0.218790,0.061294,0.184161
224,0.443305,0.276616,0.218786,0.061294,0.184162
225,0.443305,0.276617,0.218784,0.061294,0.184161
226,0.443305,0.276616,0.218785,0.061294,0.184161
227,0.443297,0.276616,0.218793,0.061294,0.184160
228,0.443321,0.276613,0.218772,0.061294,0.184163
229,0.443306,0.276615,0.218785,0.061294,0.184161
230,0.443317,0.276614,0.218775,0.061294,0.184163
231,0.443306,0.276615,0.218785,0.061294,0.184161
232,0.443311,0.276615,0.218780,0.061294,0.184162
233,0.443307,0.276616,0.218783,0.061294,0.184162
234,0.443305,0.276616,0.218786,0.061294,0.184162
235,0.443304,0.276616,0.218787,0.061294,0.184162
236,0.443307,0.276616,0.218783,0.061294,0.184162
237,0.443304,0.276615,0.218787,0.061294,0.184161
238,0.443305,0.276615,0.218785,0.061294,0.184161
239,0.443305,0.276615,0.218786,0.061294,0.184161
240,0.443301,0.276614,0.218791,0.061294,0.184161
241,0.443314,0.276616,0.218776,0.061294,0.184162
242,0.443302,0.276615,0.218788,0.061294,0.184161
243,0.443308,0.276615,0.218784,0.061294,0.184162
244,0.443301,0.276614,0.218792,0.061294,0.184161
245,0.443305,0.276615,0.218786,0.061294,0.184161
246,0.443289,0.276620,0.218797,0.061294,0.184160
247,0.443285,0.276619,0.218802,0.061294,0.184159
248,0.443306,0.276615,0.218785,0.061294,0.184161
249,0.443305,0.276616,0.218786,0.061294,0.184162
250,0.443326,0.276612,0.218768,0.061294,0.184164
251,0.443311,0.276615,0.218780,0.061294,0.184162
252,0.443304,0.276616,0.218786,0.061294,0.184161
253,0.443318,0.276611,0.218778,0.061294,0.184163
254,0.443301,0.276616,0.218789,0.061294,0.184161
255,0.443304,0.276616,0.218786,0.061294,0.184161
256,0.443288,0.276619,0.218798,0.061294,0.184159
257,0.443306,0.276616,0.218785,0.061294,0.184162
258,0.443305,0.276616,0.218786,0.061294,0.184162
259,0.443305,0.276615,0.218785,0.061294,0.184161
260,0.443302,0.276613,0.218791,0.061294,0.184161
261,0.443304,0.276616,0.218786,0.061294,0.184161
262,0.443306,0.276616,0.218785,0.061294,0.184162
263,0.443303,0.276615,0.218788,0.061294,0.184161
264,0.443306,0.276615,0.218785,0.061294,0.184161
265,0.443305,0.276616,0.218786,0.061294,0.184162
266,0.443305,0.276616,0.218786,0.061294,0.184162
267,0.443305,0.276616,0.218786,0.061294,0.184162
268,0.443305,0.276616,0.218786,0.061294,0.184162
269,0.443302,0.276616,0.218788,0.061294,0.184161
270,0.443308,0.276615,0.218783,0.061294,0.184162
271,0.443305,0.276616,0.218786,0.061294,0.184162
272,0.443306,0.276615,0.218786,0.061294,0.184162
273,0.443311,0.276617,0.218779,0.061294,0.184162
274,0.443305,0.276615,0.218786,0.061294,0.184161
275,0.443305,0.276616,0.218785,0.061294,0.184161
276,0.443312,0.276613,0.218781,0.061294,0.184162
277,0.443295,0.276617,0.218794,0.061294,0.184160
278,0.443305,0.276615,0.218786,0.061294,0.184161
279,0.443318,0.276612,0.218776,0.061294,0.184163
280,0.443302,0.276615,0.218789,0.061294,0.184161
281,0.443305,0.276616,0.218785,0.061294,0.184161
282,0.443318,0.276614,0.218774,0.061294,0.184163
283,0.443308,0.276615,0.218783,0.061294,0.184162
284,0.443305,0.276616,0.218785,0.061294,0.184161
285,0.443294,0.276614,0.218798,0.061294,0.184160
286,0.443306,0.276616,0.218785,0.061294,0.184162
287,0.443300,0.276615,0.218791,0.061294,0.184161
288,0.443306,0.276615,0.218784,0.061294,0.184161
289,0.443323,0.276613,0.218770,0.061294,0.184163
290,0.443314,0.276614,0.218778,0.061294,0.184162
291,0.443306,0.276615,0.218785,0.061294,0.184161
292,0.443306,0.276615,0.218785,0.061294,0.184161
293,0.443308,0.276615,0.218782,0.061294,0.184161
294,0.110482,0.218915,0.301004,0.369598,0.251178
295,0.443304,0.276616,0.218786,0.061294,0.184161
296,0.443307,0.276616,0.218783,0.061294,0.184162
297,0.443305,0.276615,0.218786,0.061294,0.184161
298,0.443323,0.276611,0.218773,0.061294,0.184164
299,0.443305,0.276615,0.218786,0.061294,0.184161
300,0.443304,0.276616,0.218787,0.061294,0.184162
301,0.443298,0.276617,0.218791,0.061294,0.184161
302,0.443305,0.276616,0.218786,0.061294,0.184162
303,0.443288,0.276618,0.218800,0.061294,0.184159
304,0.443301,0.276616,0.218789,0.061294,0.184161
305,0.443305,0.276616,0.218786,0.061294,0.184162
306,0.443305,0.276615,0.218786,0.061294,0.184161
307,0.443305,0.276616,0.218785,0.061294,0.184161
308,0.443310,0.276612,0.218783,0.061294,0.184161
309,0.443303,0.276616,0.218787,0.061294,0.184161
310,0.443290,0.276617,0.218799,0.061294,0.184160
311,0.443305,0.276616,0.218786,0.061294,0.184162
312,0.443307,0.276614,0.218785,0.061294,0.184161
313,0.443306,0.276615,0.218785,0.061294,0.184161
314,0.443305,0.276615,0.218786,0.061294,0.184161
315,0.443305,0.276616,0.218786,0.061294,0.184162
316,0.443304,0.276616,0.218786,0.061294,0.184161
317,0.443303,0.276612,0.218791,0.061294,0.184161
318,0.443304,0.276614,0.218788,0.061294,0.184161
319,0.443304,0.276616,0.218786,0.061294,0.184161
320,0.443306,0.276616,0.218784,0.061294,0.184161
321,0.443305,0.276616,0.218786,0.061294,0.184162
322,0.443299,0.276616,0.218791,0.061294,0.184161
323,0.443305,0.276614,0.218786,0.061294,0.184161
324,0.443311,0.276615,0.218780,0.061294,0.184162
325,0.443305,0.276615,0.218786,0.061294,0.184161
326,0.443305,0.276616,0.218785,0.061294,0.184161
327,0.443307,0.276616,0.218783,0.061294,0.184162
328,0.443304,0.276616,0.218786,0.061294,0.184161
329,0.443305,0.276616,0.218785,0.061294,0.184161
330,0.443304,0.276616,0.218786,0.061294,0.184161
331,0.443315,0.276613,0.218778,0.061294,0.184162
332,0.443302,0.276616,0.218788,0.061294,0.184161
333,0.443307,0.276615,0.218784,0.061294,0.184162
334,0.443307,0.276615,0.218783,0.061294,0.184161
335,0.443306,0.276615,0.218785,0.061294,0.184161
336,0.443305,0.276616,0.218786,0.061294,0.184162
337,0.443304,0.276616,0.218786,0.061294,0.184161
338,0.443306,0.276616,0.218784,0.061294,0.184161
339,0.443305,0.276616,0.218786,0.061294,0.184162
340,0.443302,0.276616,0.218788,0.061294,0.184161
341,0.443305,0.276616,0.218786,0.061294,0.184162
342,0.443305,0.276615,0.218786,0.061294,0.184161
343,0.443306,0.276615,0.218785,0.061294,0.184161
344,0.443305,0.276616,0.218786,0.061294,0.184162
345,0.443306,0.276617,0.218783,0.061294,0.184161
346,0.443305,0.276616,0.218786,0.061294,0.184162
347,0.443305,0.276616,0.218786,0.061294,0.184162
348,0.443305,0.276616,0.218786,0.061294,0.184162
349,0.443305,0.276616,0.218786,0.061294,0.184162
350,0.443302,0.276616,0.218788,0.061294,0.184161
351,0.443304,0.276616,0.218786,0.061294,0.184161
352,0.443305,0.276616,0.218786,0.061294,0.184162
353,0.443304,0.276615,0.218787,0.061294,0.184161
354,0.443307,0.276615,0.218784,0.061294,0.184162
355,0.443305,0.276616,0.218785,0.061294,0.184161
356,0.443304,0.276615,0.218786,0.061294,0.184161
357,0.443305,0.276615,0.218786,0.061294,0.184161
358,0.443307,0.276615,0.218783,0.061294,0.184161
359,0.443291,0.276618,0.218797,0.061294,0.184160
360,0.443305,0.276616,0.218786,0.061294,0.184162
361,0.443299,0.276617,0.218791,0.061294,0.184161
362,0.443307,0.276615,0.218783,0.061294,0.184161
363,0.443304,0.276616,0.218787,0.061294,0.184162
364,0.443305,0.276616,0.218785,0.061294,0.184161
365,0.443305,0.276616,0.218786,0.061294,0.184162
366,0.443305,0.276616,0.218786,0.061294,0.184162
367,0.443304,0.276615,0.218787,0.061294,0.184161
368,0.443305,0.276616,0.218785,0.061294,0.184161
369,0.443313,0.276616,0.218777,0.061294,0.184162
370,0.443305,0.276616,0.218786,0.061294,0.184162
371,0.443307,0.276614,0.218784,0.061294,0.184161
372,0.443305,0.276616,0.218786,0.061294,0.184162
373,0.443305,0.276616,0.218786,0.061294,0.184162
374,0.443306,0.276616,0.218784,0.061294,0.184161
375,0.443305,0.276616,0.218786,0.061294,0.184162
376,0.443305,0.276616,0.218786,0.061294,0.184162
377,0.443309,0.276615,0.218782,0.061294,0.184162
378,0.443304,0.276616,0.218786,0.061294,0.184161
379,0.443301,0.276617,0.218788,0.061294,0.184161
380,0.443306,0.276615,0.218785,0.061294,0.184161
381,0.443300,0.276617,0.218789,0.061294,0.184161
382,0.443316,0.276617,0.218774,0.061294,0.184163
383,0.443305,0.276615,0.218785,0.061294,0.184161
384,0.443284,0.276619,0.218802,0.061294,0.184159
385,0.566558,0.246378,0.083273,0.103790,0.229236
386,0.443307,0.276616,0.218783,0.061294,0.184162
387,0.443305,0.276616,0.218786,0.061294,0.184162
388,0.443305,0.276615,0.218786,0.061294,0.184161
389,0.443306,0.276616,0.218785,0.061294,0.184162
390,0.443326,0.276611,0.218769,0.061294,0.184164
391,0.443305,0.276613,0.218788,0.061294,0.184161
392,0.443302,0.276616,0.218788,0.061294,0.184161
393,0.443306,0.276617,0.218784,0.061294,0.184162
394,0.443304,0.276616,0.218786,0.061294,0.184161
395,0.443303,0.276616,0.218787,0.061294,0.184161
396,0.443306,0.276615,0.218785,0.061294,0.184161
397,0.443321,0.276613,0.218772,0.061294,0.184163
398,0.443304,0.276616,0.218786,0.061294,0.184161
399,0.443304,0.276616,0.218786,0.061294,0.184161
400,0.443304,0.276615,0.218787,0.061294,0.184161
401,0.443304,0.276616,0.218786,0.061294,0.184161
402,0.443308,0.276615,0.218783,0.061294,0.184162
403,0.443322,0.276613,0.218772,0.061294,0.184163
404,0.443305,0.276616,0.218786,0.061294,0.184162
405,0.443310,0.276614,0.218781,0.061294,0.184162
406,0.443305,0.276616,0.218785,0.061294,0.184161
407,0.443306,0.276615,0.218785,0.061294,0.184161
408,0.443308,0.276615,0.218783,0.061294,0.184162
409,0.443297,0.276617,0.218792,0.061294,0.184160
410,0.443307,0.276615,0.218785,0.061294,0.184162
411,0.443305,0.276616,0.218786,0.061294,0.184162
412,0.443308,0.276616,0.218782,0.061294,0.184162
413,0.443305,0.276616,0.218786,0.061294,0.184162
414,0.443304,0.276616,0.218786,0.061294,0.184161
415,0.443302,0.276614,0.218790,0.061294,0.184161
416,0.443305,0.276616,0.218786,0.061294,0.184162
417,0.443306,0.276615,0.218785,0.061294,0.184161
418,0.443300,0.276617,0.218789,0.061294,0.184161
419,0.443310,0.276615,0.218781,0.061294,0.184162
420,0.443306,0.276616,0.218785,0.061294,0.184162
421,0.443305,0.276616,0.218786,0.061294,0.184162
422,0.443305,0.276616,0.218786,0.061294,0.184162
423,0.443305,0.276616,0.218786,0.061294,0.184162
424,0.443288,0.276619,0.218798,0.061294,0.184159
425,0.443305,0.276616,0.218786,0.061294,0.184162
426,0.443319,0.276611,0.218775,0.061294,0.184162
427,0.443305,0.276616,0.218786,0.061294,0.184162
428,0.443296,0.276616,0.218794,0.061294,0.184160
429,0.443324,0.276613,0.218770,0.061294,0.184164
430,0.443307,0.276615,0.218784,0.061294,0.184162
431,0.443305,0.276615,0.218786,0.061294,0.184161
432,0.443305,0.276616,0.218786,0.061294,0.184162
433,0.443317,0.276611,0.218777,0.061294,0.184162
434,0.443287,0.276618,0.218801,0.061294,0.184159
435,0.443305,0.276616,0.218785,0.061294,0.184161
436,0.443304,0.276615,0.218787,0.061294,0.184161
437,0.443306,0.276615,0.218785,0.061294,0.184161
438,0.443306,0.276616,0.218784,0.061294,0.184161
439,0.443304,0.276615,0.218786,0.061294,0.184161
440,0.443304,0.276615,0.218786,0.061294,0.184161
441,0.443309,0.276610,0.218786,0.061294,0.184161
442,0.443309,0.276616,0.218781,0.061294,0.184162
443,0.443307,0.276615,0.218784,0.061294,0.184162
444,0.443310,0.276616,0.218780,0.061294,0.184162
445,0.443323,0.276613,0.218769,0.061294,0.184163
446,0.443305,0.276615,0.218785,0.061294,0.184161
447,0.443285,0.276621,0.218801,0.061294,0.184160
448,0.443304,0.276616,0.218786,0.061294,0.184161
449,0.443305,0.276615,0.218786,0.061294,0.184161
450,0.443306,0.276613,0.218787,0.061294,0.184161
451,0.443304,0.276616,0.218786,0.061294,0.184161
452,0.443318,0.276612,0.218775,0.061294,0.184162
453,0.443304,0.276616,0.218787,0.061294,0.184162
454,0.443305,0.276616,0.218786,0.061294,0.184162
455,0.443305,0.276616,0.218786,0.061294,0.184162
456,0.443312,0.276614,0.218780,0.061294,0.184162
457,0.443306,0.276620,0.218780,0.061294,0.184162
458,0.443316,0.276612,0.218778,0.061294,0.184162
459,0.443307,0.276616,0.218783,0.061294,0.184162
460,0.443308,0.276615,0.218783,0.061294,0.184162
461,0.443305,0.276616,0.218786,0.061294,0.184162
462,0.443305,0.276616,0.218785,0.061294,0.184161
463,0.443320,0.276611,0.218775,0.061294,0.184163
464,0.443298,0.276616,0.218791,0.061294,0.184160
465,0.443304,0.276616,0.218786,0.061294,0.184161
466,0.443315,0.276613,0.218778,0.061294,0.184162
467,0.443305,0.276616,0.218785,0.061294,0.184161
468,0.443305,0.276615,0.218786,0.061294,0.184161
469,0.443304,0.276616,0.218786,0.061294,0.184161
470,0.443307,0.276615,0.218784,0.061294,0.184162
471,0.443304,0.276616,0.218786,0.061294,0.184161
472,0.443308,0.276618,0.218781,0.061294,0.184162
473,0.443304,0.276616,0.218786,0.061294,0.184161
474,0.443321,0.276613,0.218773,0.061294,0.184163
475,0.443305,0.276616,0.218786,0.061294,0.184162
476,0.443308,0.276615,0.218783,0.061294,0.184162
477,0.443319,0.276613,0.218773,0.061294,0.184162
478,0.443305,0.276616,0.218786,0.061294,0.184162
479,0.443305,0.276616,0.218786,0.061294,0.184162
480,0.443305,0.276616,0.218786,0.061294,0.184162
481,0.443305,0.276616,0.218786,0.061294,0.184162
482,0.443308,0.276615,0.218783,0.061294,0.184162
483,0.443305,0.276616,0.218785,0.061294,0.184161
484,0.443302,0.276616,0.218788,0.061294,0.184161
485,0.443286,0.276616,0.218803,0.061294,0.184159
486,0.443305,0.276615,0.218786,0.061294,0.184161
487,0.443305,0.276616,0.218786,0.061294,0.184162
488,0.443309,0.276615,0.218782,0.061294,0.184162
489,0.443287,0.276620,0.218799,0.061294,0.184159
490,0.443306,0.276615,0.218785,0.061294,0.184161
491,0.443312,0.276615,0.218779,0.061294,0.184162
492,0.443309,0.276616,0.218782,0.061294,0.184162
493,0.443308,0.276616,0.218782,0.061294,0.184162
494,0.435803,0.270938,0.186171,0.107087,0.186190
495,0.443301,0.276616,0.218789,0.061294,0.184161
496,0.443306,0.276616,0.218784,0.061294,0.184161
497,0.182995,0.203419,0.206036,0.407550,0.236122
498,0.443305,0.276616,0.218785,0.061294,0.184161
499,0.443306,0.276614,0.218786,0.061294,0.184161
500,0.443311,0.276615,0.218780,0.061294,0.184162
501,0.443307,0.276615,0.218784,0.061294,0.184162
502,0.443305,0.276616,0.218786,0.061294,0.184162
503,0.443305,0.276616,0.218786,0.061294,0.184162
504,0.443312,0.276614,0.218780,0.061294,0.184162
505,0.443304,0.276616,0.218786,0.061294,0.184161
506,0.443283,0.276618,0.218805,0.061294,0.184159
507,0.443305,0.276616,0.218786,0.061294,0.184162
508,0.443305,0.276616,0.218786,0.061294,0.184162
509,0.443306,0.276615,0.218785,0.061294,0.184161
510,0.443305,0.276616,0.218786,0.061294,0.184162
511,0.443305,0.276614,0.218787,0.061294,0.184161
512,0.443304,0.276611,0.218790,0.061294,0.184161
513,0.443301,0.276615,0.218790,0.061294,0.184161
514,0.443305,0.276615,0.218785,0.061294,0.184161
515,0.443293,0.276617,0.218796,0.061294,0.184160
516,0.443305,0.276616,0.218786,0.061294,0.184162
517,0.443304,0.276615,0.218786,0.061294,0.184161
518,0.443315,0.276615,0.218777,0.061294,0.184163
519,0.443307,0.276617,0.218782,0.061294,0.184162
520,0.443300,0.276617,0.218789,0.061294,0.184161
521,0.443306,0.276614,0.218785,0.061294,0.184161
522,0.443304,0.276616,0.218786,0.061294,0.184161
523,0.443305,0.276615,0.218785,0.061294,0.184161
524,0.443307,0.276615,0.218784,0.061294,0.184162
525,0.443294,0.276621,0.218791,0.061294,0.184160
526,0.443298,0.276616,0.218792,0.061294,0.184161
527,0.443307,0.276615,0.218784,0.061294,0.184162
528,0.443304,0.276616,0.218786,0.061294,0.184161
529,0.443302,0.276616,0.218788,0.061294,0.184161
530,0.443305,0.276616,0.218786,0.061294,0.184162
531,0.443305,0.276616,0.218786,0.061294,0.184162
532,0.443305,0.276616,0.218786,0.061294,0.184162
533,0.443308,0.276615,0.218782,0.061294,0.184161
534,0.443305,0.276616,0.218786,0.061294,0.184162
535,0.443302,0.276616,0.218787,0.061294,0.184161
536,0.443292,0.276616,0.218798,0.061294,0.184160
537,0.443305,0.276615,0.218786,0.061294,0.184161
538,0.443290,0.276621,0.218795,0.061294,0.184160
539,0.443307,0.276616,0.218783,0.061294,0.184162
540,0.443304,0.276615,0.218787,0.061294,0.184161
541,0.443305,0.276616,0.218786,0.061294,0.184162
542,0.443308,0.276615,0.218783,0.061294,0.184162
543,0.443318,0.276611,0.218777,0.061294,0.184163
544,0.443305,0.276616,0.218786,0.061294,0.184162
545,0.443308,0.276611,0.218787,0.061294,0.184162
546,0.443310,0.276615,0.218781,0.061294,0.184162
547,0.443294,0.276615,0.218797,0.061294,0.184160
548,0.443306,0.276616,0.218785,0.061294,0.184162
549,0.443305,0.276616,0.218786,0.061294,0.184162
550,0.443305,0.276616,0.218785,0.061294,0.184161
551,0.443298,0.276619,0.218788,0.061294,0.184160
552,0.443304,0.276616,0.218786,0.061294,0.184161
553,0.443305,0.276616,0.218786,0.061294,0.184162
554,0.443307,0.276615,0.218784,0.061294,0.184162
555,0.443305,0.276616,0.218786,0.061294,0.184162
556,0.443303,0.276616,0.218787,0.061294,0.184161
557,0.443303,0.276616,0.218787,0.061294,0.184161
558,0.443285,0.276618,0.218803,0.061294,0.184159
559,0.443312,0.276614,0.218780,0.061294,0.184162
560,0.443311,0.276611,0.218784,0.061294,0.184162
561,0.443305,0.276616,0.218786,0.061294,0.184162
562,0.443299,0.276615,0.218792,0.061294,0.184161
563,0.443300,0.276618,0.218788,0.061294,0.184161
564,0.443306,0.276615,0.218785,0.061294,0.184161
565,0.443324,0.276613,0.218769,0.061294,0.184163
566,0.443311,0.276614,0.218780,0.061294,0.184162
567,0.443316,0.276612,0.218777,0.061294,0.184162
568,0.443304,0.276615,0.218786,0.061294,0.184161
569,0.443306,0.276618,0.218782,0.061294,0.184161
570,0.443305,0.276616,0.218785,0.061294,0.184161
571,0.443321,0.276614,0.218771,0.061294,0.184163
572,0.443307,0.276615,0.218785,0.061294,0.184162
573,0.443305,0.276616,0.218786,0.061294,0.184162
574,0.443297,0.276616,0.218793,0.061294,0.184160
575,0.443312,0.276614,0.218780,0.061294,0.184162
576,0.443305,0.276616,0.218785,0.061294,0.184161
577,0.443309,0.276616,0.218782,0.061294,0.184162
578,0.443305,0.276616,0.218786,0.061294,0.184162
579,0.443303,0.276617,0.218786,0.061294,0.184161
580,0.443305,0.276616,0.218786,0.061294,0.184162
581,0.443308,0.276615,0.218783,0.061294,0.184162
582,0.443305,0.276613,0.218788,0.061294,0.184161
583,0.443301,0.276615,0.218791,0.061294,0.184161
584,0.443311,0.276615,0.218779,0.061294,0.184162
585,0.443306,0.276615,0.218785,0.061294,0.184161
586,0.443302,0.276616,0.218788,0.061294,0.184161
587,0.443305,0.276616,0.218785,0.061294,0.184161
588,0.443305,0.276616,0.218786,0.061294,0.184162
589,0.443305,0.276616,0.218786,0.061294,0.184162
590,0.443306,0.276615,0.218785,0.061294,0.184161
591,0.443305,0.276616,0.218786,0.061294,0.184162
592,0.443301,0.276619,0.218786,0.061294,0.184161
593,0.443306,0.276615,0.218784,0.061294,0.184161
594,0.443305,0.276616,0.218786,0.061294,0.184162
595,0.443306,0.276616,0.218785,0.061294,0.184162
596,0.443290,0.276617,0.218799,0.061294,0.184160
597,0.443301,0.276614,0.218792,0.061294,0.184161
598,0.443305,0.276616,0.218786,0.061294,0.184162
599,0.443306,0.276615,0.218785,0.061294,0.184161
600,0.443304,0.276616,0.218786,0.061294,0.184161
601,0.443296,0.276616,0.218793,0.061294,0.184160
602,0.443310,0.276614,0.218782,0.061294,0.184162
603,0.443305,0.276616,0.218786,0.061294,0.184162
604,0.443311,0.276613,0.218782,0.061294,0.184162
605,0.443305,0.276616,0.218785,0.061294,0.184161
606,0.443303,0.276616,0.218787,0.061294,0.184161
607,0.443305,0.276616,0.218786,0.061294,0.184162
608,0.443284,0.276620,0.218802,0.061294,0.184159
609,0.443305,0.276614,0.218787,0.061294,0.184161
610,0.443305,0.276616,0.218786,0.061294,0.184162
611,0.443304,0.276616,0.218786,0.061294,0.184161
612,0.443298,0.276616,0.218793,0.061294,0.184161
613,0.447627,0.276309,0.214771,0.061294,0.184670
614,0.443305,0.276616,0.218786,0.061294,0.184162
615,0.443305,0.276616,0.218786,0.061294,0.184162
616,0.443304,0.276616,0.218786,0.061294,0.184161
617,0.443303,0.276616,0.218787,0.061294,0.184161
618,0.443304,0.276616,0.218786,0.061294,0.184161
619,0.443309,0.276614,0.218783,0.061294,0.184162
620,0.443305,0.276615,0.218786,0.061294,0.184161
621,0.443319,0.276616,0.218770,0.061294,0.184163
622,0.443305,0.276616,0.218785,0.061294,0.184161
623,0.443305,0.276616,0.218785,0.061294,0.184161
624,0.443312,0.276616,0.218778,0.061294,0.184162
625,0.443291,0.276619,0.218796,0.061294,0.184160
626,0.443305,0.276616,0.218786,0.061294,0.184162
627,0.443305,0.276616,0.218786,0.061294,0.184162
628,0.443305,0.276616,0.218786,0.061294,0.184162
629,0.443319,0.276614,0.218773,0.061294,0.184163
630,0.443304,0.276616,0.218786,0.061294,0.184161
631,0.443305,0.276615,0.218786,0.061294,0.184161
632,0.443305,0.276616,0.218785,0.061294,0.184161
633,0.443305,0.276615,0.218785,0.061294,0.184161
634,0.443305,0.276616,0.218786,0.061294,0.184162
635,0.443304,0.276615,0.218787,0.061294,0.184161
636,0.443305,0.276616,0.218786,0.061294,0.184162
637,0.443304,0.276616,0.218786,0.061294,0.184161
638,0.443284,0.276620,0.218802,0.061294,0.184159
639,0.443305,0.276615,0.218786,0.061294,0.184161
640,0.443305,0.276616,0.218786,0.061294,0.184162
641,0.443305,0.276616,0.218786,0.061294,0.184162
642,0.443307,0.276615,0.218783,0.061294,0.184161
643,0.443305,0.276616,0.218786,0.061294,0.184162
644,0.443309,0.276615,0.218782,0.061294,0.184162
645,0.443295,0.276617,0.218795,0.061294,0.184161
646,0.443305,0.276616,0.218786,0.061294,0.184162
647,0.443306,0.276615,0.218785,0.061294,0.184161
648,0.443304,0.276616,0.218787,0.061294,0.184162
649,0.443304,0.276616,0.218786,0.061294,0.184161
650,0.443305,0.276616,0.218786,0.061294,0.184162
651,0.443306,0.276616,0.218784,0.061294,0.184161
652,0.443305,0.276616,0.218786,0.061294,0.184162
653,0.443306,0.276615,0.218784,0.061294,0.184161
654,0.443305,0.276616,0.218785,0.061294,0.184161
655,0.443305,0.276616,0.218786,0.061294,0.184162
656,0.443305,0.276616,0.218786,0.061294,0.184162
657,0.443314,0.276613,0.218779,0.061294,0.184162
658,0.443305,0.276616,0.218786,0.061294,0.184162
659,0.443302,0.276616,0.218788,0.061294,0.184161
660,0.443304,0.276616,0.218786,0.061294,0.184161
661,0.443286,0.276618,0.218802,0.061294,0.184159
662,0.443305,0.276616,0.218786,0.061294,0.184162
663,0.443305,0.276616,0.218785,0.061294,0.184161
664,0.443305,0.276616,0.218786,0.061294,0.184162
665,0.443305,0.276616,0.218786,0.061294,0.184162
666,0.443306,0.276615,0.218785,0.061294,0.184161
667,0.443305,0.276616,0.218786,0.061294,0.184162
668,0.388509,0.191271,0.065478,0.354743,0.238159
669,0.443305,0.276617,0.218784,0.061294,0.184161
670,0.443288,0.276620,0.218798,0.061294,0.184160
671,0.443305,0.276615,0.218785,0.061294,0.184161
672,0.443309,0.276614,0.218783,0.061294,0.184162
673,0.443305,0.276616,0.218786,0.061294,0.184162
674,0.443321,0.276611,0.218774,0.061294,0.184163
675,0.443290,0.276620,0.218797,0.061294,0.184160
676,0.443305,0.276616,0.218786,0.061294,0.184162
677,0.443315,0.276616,0.218775,0.061294,0.184162
678,0.443305,0.276616,0.218786,0.061294,0.184162
679,0.443319,0.276612,0.218775,0.061294,0.184163
680,0.443305,0.276616,0.218786,0.061294,0.184162
681,0.443307,0.276615,0.218784,0.061294,0.184162
682,0.443305,0.276616,0.218786,0.061294,0.184162
683,0.443308,0.276612,0.218785,0.061294,0.184161
684,0.443302,0.276615,0.218789,0.061294,0.184161
685,0.443311,0.276615,0.218780,0.061294,0.184162
686,0.443307,0.276616,0.218783,0.061294,0.184162
687,0.443290,0.276617,0.218799,0.061294,0.184160
688,0.443293,0.276615,0.218799,0.061294,0.184160
689,0.443300,0.276617,0.218788,0.061294,0.184160
690,0.443304,0.276615,0.218787,0.061294,0.184161
691,0.443306,0.276615,0.218785,0.061294,0.184161
692,0.443308,0.276615,0.218783,0.061294,0.184162
693,0.443296,0.276618,0.218792,0.061294,0.184160
694,0.443323,0.276615,0.218768,0.061294,0.184163
695,0.443305,0.276616,0.218786,0.061294,0.184162
696,0.443320,0.276613,0.218773,0.061294,0.184163
697,0.443311,0.276614,0.218781,0.061294,0.184162
698,0.443301,0.276616,0.218788,0.061294,0.184161
699,0.443304,0.276616,0.218786,0.061294,0.184161
700,0.443307,0.276616,0.218783,0.061294,0.184162
701,0.443302,0.276616,0.218788,0.061294,0.184161
702,0.443304,0.276616,0.218786,0.061294,0.184161
703,0.443305,0.276616,0.218786,0.061294,0.184162
704,0.443305,0.276615,0.218786,0.061294,0.184161
705,0.443305,0.276615,0.218786,0.061294,0.184161
706,0.443304,0.276615,0.218787,0.061294,0.184161
707,0.443305,0.276616,0.218786,0.061294,0.184162
708,0.443299,0.276616,0.218791,0.061294,0.184161
709,0.443306,0.276616,0.218785,0.061294,0.184162
710,0.443306,0.276615,0.218785,0.061294,0.184161
711,0.443306,0.276616,0.218785,0.061294,0.184162
712,0.443306,0.276615,0.218784,0.061294,0.184161
713,0.443305,0.276616,0.218786,0.061294,0.184162
714,0.443305,0.276615,0.218786,0.061294,0.184161
715,0.443294,0.276617,0.218796,0.061294,0.184160
716,0.443306,0.276615,0.218785,0.061294,0.184161
717,0.443308,0.276615,0.218783,0.061294,0.184162
718,0.443303,0.276615,0.218788,0.061294,0.184161
719,0.443308,0.276615,0.218782,0.061294,0.184161
720,0.443298,0.276617,0.218791,0.061294,0.184161
721,0.443293,0.276617,0.218796,0.061294,0.184160
722,0.443312,0.276616,0.218778,0.061294,0.184162
723,0.443306,0.276615,0.218785,0.061294,0.184161
724,0.443307,0.276615,0.218783,0.061294,0.184161
725,0.443305,0.276616,0.218786,0.061294,0.184162
726,0.443304,0.276616,0.218786,0.061294,0.184161
727,0.443304,0.276616,0.218785,0.061294,0.184161
728,0.443305,0.276616,0.218786,0.061294,0.184162
729,0.443296,0.276616,0.218794,0.061294,0.184160
730,0.443309,0.276615,0.218782,0.061294,0.184162
731,0.443305,0.276616,0.218786,0.061294,0.184162
732,0.443305,0.276615,0.218785,0.061294,0.184161
733,0.443304,0.276616,0.218787,0.061294,0.184162
734,0.443306,0.276615,0.218785,0.061294,0.184161
735,0.443305,0.276615,0.218786,0.061294,0.184161
736,0.443300,0.276616,0.218789,0.061294,0.184160
737,0.443311,0.276615,0.218781,0.061294,0.184162
738,0.443305,0.276616,0.218786,0.061294,0.184162
739,0.443311,0.276615,0.218780,0.061294,0.184162
740,0.443305,0.276616,0.218786,0.061294,0.184162
741,0.443307,0.276616,0.218783,0.061294,0.184162
742,0.443306,0.276616,0.218784,0.061294,0.184161
743,0.443305,0.276616,0.218786,0.061294,0.184162
744,0.443320,0.276615,0.218771,0.061294,0.184163
745,0.443296,0.276617,0.218793,0.061294,0.184160
746,0.443305,0.276616,0.218786,0.061294,0.184162
747,0.443305,0.276616,0.218786,0.061294,0.184162
748,0.443305,0.276615,0.218786,0.061294,0.184161
749,0.443318,0.276614,0.218774,0.061294,0.184163
750,0.443314,0.276617,0.218775,0.061294,0.184162
751,0.443304,0.276616,0.218786,0.061294,0.184161
752,0.443316,0.276617,0.218773,0.061294,0.184163
753,0.443305,0.276616,0.218786,0.061294,0.184162
754,0.443306,0.276615,0.218785,0.061294,0.184161
755,0.443305,0.276616,0.218786,0.061294,0.184162
756,0.443305,0.276616,0.218786,0.061294,0.184162
757,0.443305,0.276616,0.218786,0.061294,0.184162
758,0.443318,0.276615,0.218774,0.061294,0.184163
759,0.443304,0.276616,0.218786,0.061294,0.184161
760,0.443305,0.276616,0.218786,0.061294,0.184162
761,0.443296,0.276613,0.218797,0.061294,0.184160
762,0.443305,0.276615,0.218786,0.061294,0.184161
763,0.443305,0.276616,0.218785,0.061294,0.184161
764,0.443305,0.276615,0.218786,0.061294,0.184161
765,0.443309,0.276615,0.218782,0.061294,0.184162
766,0.443303,0.276616,0.218787,0.061294,0.184161
767,0.443301,0.276617,0.218789,0.061294,0.184161
768,0.443305,0.276616,0.218786,0.061294,0.184162
769,0.443305,0.276616,0.218786,0.061294,0.184162
770,0.443302,0.276616,0.218788,0.061294,0.184161
771,0.443305,0.276616,0.218786,0.061294,0.184162
772,0.443305,0.276616,0.218785,0.061294,0.184161
773,0.443305,0.276616,0.218785,0.061294,0.184161
774,0.443306,0.276615,0.218784,0.061294,0.184161
775,0.443306,0.276617,0.218784,0.061294,0.184162
776,0.443290,0.276619,0.218797,0.061294,0.184160
777,0.443305,0.276615,0.218786,0.061294,0.184161
778,0.443314,0.276612,0.218780,0.061294,0.184162
779,0.443305,0.276615,0.218786,0.061294,0.184161
780,0.443308,0.276613,0.218785,0.061294,0.184162
781,0.443309,0.276614,0.218784,0.061294,0.184162
782,0.443305,0.276616,0.218786,0.061294,0.184162
783,0.443306,0.276615,0.218785,0.061294,0.184161
784,0.443304,0.276615,0.218786,0.061294,0.184161
785,0.443304,0.276618,0.218784,0.061294,0.184161
786,0.443324,0.276612,0.218769,0.061294,0.184163
787,0.443309,0.276615,0.218783,0.061294,0.184162
788,0.443302,0.276615,0.218789,0.061294,0.184161
789,0.443307,0.276615,0.218784,0.061294,0.184162
790,0.443307,0.276615,0.218784,0.061294,0.184162
791,0.443306,0.276615,0.218785,0.061294,0.184161
792,0.443303,0.276616,0.218787,0.061294,0.184161
793,0.443305,0.276616,0.218785,0.061294,0.184161
794,0.443305,0.276615,0.218785,0.061294,0.184161
795,0.443316,0.276613,0.218777,0.061294,0.184162
796,0.443305,0.276615,0.218786,0.061294,0.184161
797,0.443305,0.276616,0.218786,0.061294,0.184162
798,0.443301,0.276616,0.218790,0.061294,0.184161
799,0.443308,0.276615,0.218783,0.061294,0.184162
800,0.443312,0.276616,0.218778,0.061294,0.184162
801,0.443305,0.276611,0.218790,0.061294,0.184161
802,0.443297,0.276616,0.218793,0.061294,0.184160
803,0.443305,0.276616,0.218786,0.061294,0.184162
804,0.443305,0.276615,0.218786,0.061294,0.184161
805,0.443305,0.276616,0.218786,0.061294,0.184162
806,0.443309,0.276615,0.218782,0.061294,0.184162
807,0.443308,0.276618,0.218780,0.061294,0.184162
808,0.443305,0.276616,0.218786,0.061294,0.184162
809,0.443306,0.276615,0.218785,0.061294,0.184161
810,0.443305,0.276616,0.218786,0.061294,0.184162
811,0.443305,0.276614,0.218787,0.061294,0.184161
812,0.443305,0.276615,0.218786,0.061294,0.184161
813,0.443305,0.276616,0.218786,0.061294,0.184162
814,0.443305,0.276616,0.218786,0.061294,0.184162
815,0.443305,0.276616,0.218786,0.061294,0.184162
816,0.443309,0.276616,0.218781,0.061294,0.184162
817,0.443304,0.276617,0.218785,0.061294,0.184161
818,0.443326,0.276613,0.218767,0.061294,0.184164
819,0.443305,0.276616,0.218786,0.061294,0.184162
820,0.443305,0.276615,0.218786,0.061294,0.184161
821,0.443293,0.276617,0.218796,0.061294,0.184160
822,0.443308,0.276616,0.218782,0.061294,0.184162
823,0.443305,0.276616,0.218786,0.061294,0.184162
824,0.443301,0.276616,0.218789,0.061294,0.184161
825,0.443304,0.276616,0.218786,0.061294,0.184161
826,0.443306,0.276615,0.218785,0.061294,0.184161
827,0.443307,0.276615,0.218783,0.061294,0.184161
828,0.443305,0.276615,0.218786,0.061294,0.184161
829,0.443305,0.276612,0.218788,0.061294,0.184161
830,0.443303,0.276615,0.218788,0.061294,0.184161
831,0.443305,0.276615,0.218786,0.061294,0.184161
832,0.443299,0.276617,0.218791,0.061294,0.184161
833,0.443305,0.276616,0.218786,0.061294,0.184162
834,0.443304,0.276616,0.218786,0.061294,0.184161
835,0.443305,0.276616,0.218786,0.061294,0.184162
836,0.443305,0.276615,0.218786,0.061294,0.184161
837,0.443296,0.276618,0.218792,0.061294,0.184160
838,0.443299,0.276619,0.218788,0.061294,0.184161
839,0.443310,0.276615,0.218781,0.061294,0.184162
840,0.443304,0.276616,0.218786,0.061294,0.184161
841,0.443304,0.276616,0.218786,0.061294,0.184161
842,0.443306,0.276615,0.218784,0.061294,0.184161
843,0.443302,0.276616,0.218787,0.061294,0.184161
844,0.443305,0.276616,0.218786,0.061294,0.184162
845,0.498324,0.267571,0.172811,0.061294,0.194615
846,0.443304,0.276616,0.218786,0.061294,0.184161
847,0.443304,0.276616,0.218786,0.061294,0.184161
848,0.443305,0.276616,0.218786,0.061294,0.184162
849,0.443306,0.276615,0.218785,0.061294,0.184161
850,0.443305,0.276616,0.218786,0.061294,0.184162
851,0.443305,0.276616,0.218786,0.061294,0.184162
852,0.443301,0.276618,0.218787,0.061294,0.184161
853,0.443308,0.276615,0.218783,0.061294,0.184162
854,0.443304,0.276616,0.218786,0.061294,0.184161
855,0.443305,0.276616,0.218786,0.061294,0.184162
856,0.443307,0.276615,0.218783,0.061294,0.184161
857,0.443301,0.276616,0.218789,0.061294,0.184161
858,0.443308,0.276615,0.218783,0.061294,0.184162
859,0.443305,0.276616,0.218786,0.061294,0.184162
860,0.443305,0.276616,0.218786,0.061294,0.184162
861,0.443301,0.276616,0.218789,0.061294,0.184161
862,0.443300,0.276616,0.218790,0.061294,0.184161
863,0.443305,0.276616,0.218785,0.061294,0.184161
864,0.443317,0.276612,0.218777,0.061294,0.184163
865,0.443312,0.276614,0.218780,0.061294,0.184162
866,0.443287,0.276621,0.218798,0.061294,0.184159
867,0.443317,0.276615,0.218774,0.061294,0.184163
868,0.443322,0.276610,0.218773,0.061294,0.184163
869,0.443303,0.276616,0.218787,0.061294,0.184161
870,0.443304,0.276616,0.218786,0.061294,0.184161
871,0.443305,0.276616,0.218785,0.061294,0.184161
872,0.443304,0.276616,0.218786,0.061294,0.184161
873,0.443306,0.276615,0.218785,0.061294,0.184161
874,0.443309,0.276615,0.218782,0.061294,0.184162
875,0.443306,0.276615,0.218784,0.061294,0.184161
876,0.443305,0.276616,0.218786,0.061294,0.184162
877,0.443304,0.276616,0.218786,0.061294,0.184161
878,0.443306,0.276614,0.218786,0.061294,0.184161
879,0.443305,0.276616,0.218786,0.061294,0.184162
880,0.443313,0.276612,0.218781,0.061294,0.184162
881,0.443305,0.276616,0.218785,0.061294,0.184161
882,0.443306,0.276615,0.218785,0.061294,0.184161
883,0.443301,0.276616,0.218789,0.061294,0.184161
884,0.443307,0.276615,0.218784,0.061294,0.184162
885,0.443306,0.276615,0.218785,0.061294,0.184161
886,0.443309,0.276613,0.218785,0.061294,0.184162
887,0.443310,0.276615,0.218781,0.061294,0.184162
888,0.443310,0.276615,0.218781,0.061294,0.184162
889,0.443302,0.276616,0.218788,0.061294,0.184161
890,0.443302,0.276619,0.218785,0.061294,0.184161
891,0.443322,0.276611,0.218773,0.061294,0.184163
892,0.443305,0.276616,0.218786,0.061294,0.184162
893,0.443305,0.276615,0.218786,0.061294,0.184161
894,0.443305,0.276616,0.218786,0.061294,0.184162
895,0.443294,0.276616,0.218796,0.061294,0.184160
896,0.443305,0.276616,0.218786,0.061294,0.184162
897,0.443305,0.276616,0.218785,0.061294,0.184161
898,0.443293,0.276616,0.218797,0.061294,0.184160
899,0.443306,0.276616,0.218784,0.061294,0.184161
900,0.443315,0.276614,0.218777,0.061294,0.184162
901,0.443304,0.276616,0.218786,0.061294,0.184161
902,0.443304,0.276615,0.218786,0.061294,0.184161
903,0.443314,0.276617,0.218776,0.061294,0.184163
904,0.443304,0.276616,0.218786,0.061294,0.184161
905,0.443324,0.276613,0.218769,0.061294,0.184163
906,0.443306,0.276614,0.218786,0.061294,0.184161
907,0.443305,0.276616,0.218786,0.061294,0.184162
908,0.443305,0.276616,0.218786,0.061294,0.184162
909,0.443306,0.276616,0.218783,0.061294,0.184161
910,0.443305,0.276616,0.218786,0.061294,0.184162
911,0.443306,0.276614,0.218786,0.061294,0.184161
912,0.443323,0.276612,0.218771,0.061294,0.184163
913,0.443308,0.276615,0.218783,0.061294,0.184162
914,0.443310,0.276615,0.218781,0.061294,0.184162
915,0.443305,0.276616,0.218786,0.061294,0.184162
916,0.443310,0.276611,0.218785,0.061294,0.184162
917,0.443309,0.276615,0.218782,0.061294,0.184162
918,0.443307,0.276615,0.218784,0.061294,0.184162
919,0.443308,0.276615,0.218782,0.061294,0.184161
920,0.443296,0.276617,0.218793,0.061294,0.184160
921,0.443300,0.276617,0.218790,0.061294,0.184161
922,0.443305,0.276615,0.218785,0.061294,0.184161
923,0.443304,0.276616,0.218786,0.061294,0.184161
924,0.443309,0.276615,0.218782,0.061294,0.184162
925,0.443295,0.276618,0.218794,0.061294,0.184161
926,0.443301,0.276617,0.218787,0.061294,0.184161
927,0.443301,0.276616,0.218789,0.061294,0.184161
928,0.443295,0.276619,0.218791,0.061294,0.184160
929,0.443304,0.276616,0.218786,0.061294,0.184161
930,0.443299,0.276616,0.218791,0.061294,0.184161
931,0.443305,0.276616,0.218786,0.061294,0.184162
932,0.443303,0.276616,0.218787,0.061294,0.184161
933,0.443305,0.276616,0.218786,0.061294,0.184162
934,0.443306,0.276615,0.218785,0.061294,0.184161
935,0.443303,0.276616,0.218786,0.061294,0.184161
936,0.443305,0.276616,0.218786,0.061294,0.184162
937,0.443301,0.276612,0.218793,0.061294,0.184161
938,0.443308,0.276615,0.218783,0.061294,0.184162
939,0.443305,0.276616,0.218785,0.061294,0.184161
940,0.443305,0.276616,0.218786,0.061294,0.184162
941,0.443310,0.276615,0.218781,0.061294,0.184162
942,0.443303,0.276616,0.218787,0.061294,0.184161
943,0.443305,0.276616,0.218786,0.061294,0.184162
944,0.443315,0.276616,0.218775,0.061294,0.184162
945,0.443305,0.276616,0.218786,0.061294,0.184162
946,0.443304,0.276616,0.218786,0.061294,0.184161
947,0.443305,0.276615,0.218786,0.061294,0.184161
948,0.443304,0.276616,0.218787,0.061294,0.184162
949,0.443304,0.276616,0.218786,0.061294,0.184161
950,0.443305,0.276616,0.218786,0.061294,0.184162
951,0.443307,0.276614,0.218785,0.061294,0.184161
952,0.443310,0.276617,0.218779,0.061294,0.184162
953,0.443306,0.276615,0.218785,0.061294,0.184161
954,0.443311,0.276615,0.218780,0.061294,0.184162
955,0.443308,0.276613,0.218785,0.061294,0.184162
956,0.443304,0.276617,0.218784,0.061294,0.184161
957,0.443320,0.276610,0.218775,0.061294,0.184163
958,0.443308,0.276616,0.218782,0.061294,0.184162
959,0.443311,0.276616,0.218779,0.061294,0.184162
960,0.443317,0.276613,0.218775,0.061294,0.184162
961,0.443304,0.276616,0.218786,0.061294,0.184161
962,0.443305,0.276616,0.218786,0.061294,0.184162
963,0.250729,0.303066,0.384911,0.061294,0.219572
964,0.443305,0.276615,0.218786,0.061294,0.184161
965,0.443305,0.276616,0.218786,0.061294,0.184162
966,0.443310,0.276616,0.218781,0.061294,0.184162
967,0.443314,0.276611,0.218782,0.061294,0.184163
968,0.443305,0.276616,0.218786,0.061294,0.184162
969,0.443305,0.276616,0.218786,0.061294,0.184162
970,0.443305,0.276616,0.218785,0.061294,0.184161
971,0.443305,0.276616,0.218785,0.061294,0.184161
972,0.443299,0.276616,0.218791,0.061294,0.184161
973,0.443305,0.276616,0.218786,0.061294,0.184162
974,0.443304,0.276614,0.218788,0.061294,0.184161
975,0.443316,0.276614,0.218776,0.061294,0.184162
976,0.443301,0.276616,0.218789,0.061294,0.184161
977,0.443317,0.276614,0.218775,0.061294,0.184163
978,0.443289,0.276617,0.218800,0.061294,0.184160
979,0.443310,0.276615,0.218782,0.061294,0.184162
980,0.443297,0.276614,0.218795,0.061294,0.184160
981,0.443305,0.276616,0.218786,0.061294,0.184162
982,0.443305,0.276616,0.218786,0.061294,0.184162
983,0.443305,0.276616,0.218785,0.061294,0.184161
984,0.443312,0.276611,0.218783,0.061294,0.184162
985,0.443301,0.276619,0.218786,0.061294,0.184161
986,0.443305,0.276616,0.218786,0.061294,0.184162
987,0.443305,0.276616,0.218786,0.061294,0.184162
988,0.443306,0.276614,0.218786,0.061294,0.184161
989,0.443306,0.276616,0.218785,0.061294,0.184162
990,0.443309,0.276615,0.218782,0.061294,0.184162
991,0.443307,0.276613,0.218787,0.061294,0.184162
992,0.443304,0.276616,0.218786,0.061294,0.184161
993,0.443305,0.276616,0.218785,0.061294,0.184161
994,0.443302,0.276617,0.218787,0.061294,0.184161
995,0.443306,0.276615,0.218784,0.061294,0.184161
996,0.443304,0.276616,0.218786,0.061294,0.184161
997,0.443305,0.276616,0.218786,0.061294,0.184162
998,0.443304,0.276617,0.218785,0.061294,0.184161
999,0.443305,0.276616,0.218786,0.061294,0.184162
