"systems","X1","X2","X3","X4","X5","y"
"Synthetic_01a_1",-0.416757847405471,-0.0562668272263295,-2.13619609566845,2.05859235147035,-0.992674819589027,3.1758648276448
"Synthetic_01a_2",1.64027080840499,-1.79343558519486,-0.841747365656204,-0.791143986377399,-0.911352682485662,2.42001490958041
"Synthetic_01a_3",0.502881417158043,-1.24528808660723,-1.05795221886234,-0.141772932102333,-1.97524216284696,2.51925320807298
"Synthetic_01a_4",-0.909007614926849,0.551454044546424,2.29220801281496,0.372421488627837,1.4676789311915,1.38626699878245
"Synthetic_01a_5",0.0415393929984035,-1.11792544511352,0.539058320580789,0.577129870177129,-0.544172967779314,2.05562170150026
"Synthetic_01a_6",-0.596159699806467,-0.0191304965211515,1.17500121950029,-0.204894670198191,0.659797857267072,1.76212019276178
"Synthetic_01a_7",-0.747870949293862,0.00902525097332512,-0.878107893240342,1.34748364846959,-0.586389709644172,2.51561834719601
"Synthetic_01a_8",-0.156434170384624,0.256570452001296,-0.988779048769622,0.678255121013796,-1.36866000123397,2.17915144017299
"Synthetic_01a_9",-0.338821966029196,-0.236184030852601,-0.637655012484301,0.979074960251035,-0.278750567084211,2.26716964773934
"Synthetic_01a_10",-1.18761228638528,-1.42121722730413,-0.153495195676949,1.43285171532876,-1.27812621924586,2.36794554972476
"Synthetic_01a_11",-0.269056960216014,2.2313667888866,-2.43476757652104,2.61388689936244,-0.195797826499524,2.51169570732513
"Synthetic_01a_12",0.112726504816649,0.370444536663234,1.3596338626726,-1.72925202323967,1.2666670446944,1.57235441112628
"Synthetic_01a_13",0.501857206781313,-0.844213703829862,9.76147159609348E-06,-0.423011330515177,-0.909377638437078,1.73242986074238
"Synthetic_01a_14",0.542352572149029,-0.313508196993409,0.771011738069412,-0.768024643076154,0.70508879385095,1.7004567928059
"Synthetic_01a_15",-1.86809065456376,1.73118466598047,1.46767801057341,-0.134962279360526,1.1999045868451,1.14831697562182
"Synthetic_01a_16",-0.335677338523847,0.611340779573717,0.0479705918681884,2.14081592897877,0.643294351000831,1.94875531871084
"Synthetic_01a_17",-0.829135289014779,0.0877102184083314,1.0003658865507,0.456112432888771,-0.770172069208907,1.58625628613698
"Synthetic_01a_18",-0.38109251751535,-0.375669423078994,-0.074470762893981,0.474280159109257,0.0512243097263936,2.14909412253631
"Synthetic_01a_19",0.433496330076571,1.27837923027187,-0.634679305179362,-0.0588564095621903,0.0735651240700173,1.95911057617409
"Synthetic_01a_20",0.508396242683432,0.216116006263682,-1.8586123861235,1.2864689673045,-0.683187616608646,2.8173111690526
"Synthetic_01a_21",-0.419316482152689,-0.132328898436743,-0.0395702396936057,-0.0330167039315427,0.366480013160128,2.02398164944126
"Synthetic_01a_22",0.326003433386981,-2.04032304872872,0.0462555231416969,0.647536217730371,-0.773085929016698,2.39127828512793
"Synthetic_01a_23",-0.677675577328042,-1.43943902673862,0.524296430010349,-0.124407474386566,-0.45544381452214,2.11035608243713
"Synthetic_01a_24",0.735279576065203,-0.653250267792036,0.84245628157134,-0.539862691609113,0.556211335095599,1.69971838559337
"Synthetic_01a_25",-0.381516481765086,0.0664890091461449,-1.09873894699606,0.284002988297278,-0.712907506583239,2.35797421799484
"Synthetic_01a_26",1.58448705639568,-2.65944945638349,-0.0914526228906581,-0.349376029450114,-0.614970594820028,2.40514398870583
"Synthetic_01a_27",0.695119605046991,-2.03346654612261,-0.189469264712381,0.438463746928684,-0.532270610283709,2.42057560547932
"Synthetic_01a_28",-0.0772186653529572,0.824703005436982,1.24821292059703,-1.52698490407845,0.572173056021864,1.25202931475847
"Synthetic_01a_29",-0.40389226933794,-1.38451866653586,1.36723542392712,-1.28306890193287,0.655303398041211,1.34438461649863
"Synthetic_01a_30",1.21788563305629,-0.46200534815338,0.350888494087746,-0.773518330437541,0.549764597630684,1.85293710216178
"Synthetic_01a_31",0.381866234126697,0.566275441442456,0.204207978914112,0.110720378254257,0.323638679736604,1.89022289200054
"Synthetic_01a_32",1.40669624166137,-1.73795950438457,1.04082395339073,-1.93385901847833,-0.242915965380471,1.54519796501806
"Synthetic_01a_33",0.380471970215,-0.217135268744879,1.17353149849495,-1.12583997939575,1.24913833699665,1.61091704379913
"Synthetic_01a_34",-2.34360319099996,1.16152149074077,0.386078047603595,1.28524318900831,-0.481198246182798,2.12941567744234
"Synthetic_01a_35",-1.13313327367698,0.433092554656691,-0.304086438801316,1.11883934412364,0.124393583499748,2.27375213619456
