Scout,Trial,Rank,U_score_R1,U_score_R2,U_optuna,Gap_pct_vs_best,In_TiePool_2pct,U_comp_proxy,Ambition,DW,Gap_param
L1_Scout_1,0,1,0.0,0.0,0.0,0.0,True,0.0,1.0,0.487834,0.24
L1_Scout_1,1,2,0.0,0.0,0.0,0.001505,True,0.0,1.0,0.326062,0.2
L1_Scout_1,2,3,0.0,0.0,0.0,0.001505,True,0.0,1.0,0.261104,0.12
L1_Scout_1,41,4,0.0,0.0,0.0,0.001505,True,0.0,1.0,0.560262,0.17
L1_Scout_1,31,5,0.0,0.0,0.0,0.001505,True,0.0,1.0,0.574617,0.18
L1_Scout_1,24,6,0.0,0.0,0.0,0.001505,True,0.0,1.0,0.566243,0.18
L1_Scout_1,3,7,0.0,0.0,0.0,0.001505,True,0.0,0.51,0.0,0.06
L1_Scout_1,4,8,0.0,0.0,0.0,0.001505,True,0.0,0.55,0.166667,0.19
L1_Scout_1,5,9,0.0,0.0,0.0,0.001505,True,0.0,0.98,0.333333,0.3
L1_Scout_1,6,10,0.0,0.0,0.0,0.001505,True,0.0,0.82,0.5,0.23
L1_Scout_1,7,11,0.0,0.0,0.0,0.001505,True,0.0,0.71,0.666667,0.23
L1_Scout_1,8,12,0.0,0.0,0.0,0.001505,True,0.0,0.97,0.833333,0.21
L1_Scout_1,9,13,0.0,0.0,0.0,0.001505,True,0.0,0.93,1.0,0.11
L1_Scout_1,10,14,0.0,0.0,0.0,0.001505,True,0.0,0.81,0.608656,0.0
L1_Scout_1,11,15,0.0,0.0,0.0,0.001505,True,0.0,0.88,0.433978,0.3
L1_Scout_1,12,16,0.0,0.0,0.0,0.001505,True,0.0,0.88,0.645624,0.16
L1_Scout_1,13,17,0.0,0.0,0.0,0.001505,True,0.0,0.68,0.151355,0.26
L1_Scout_1,14,18,0.0,0.0,0.0,0.001505,True,0.0,0.62,0.349851,0.17
L1_Scout_1,15,19,0.0,0.0,0.0,0.001505,True,0.0,0.91,0.514621,0.25
L1_Scout_1,16,20,0.0,0.0,0.0,0.001505,True,0.0,0.79,0.75807,0.12
L1_Scout_1,17,21,0.0,0.0,0.0,0.001505,True,0.0,0.94,0.213314,0.27
L1_Scout_1,18,22,0.0,0.0,0.0,0.001505,True,0.0,0.86,0.056483,0.19
L1_Scout_1,19,23,0.0,0.0,0.0,0.001505,True,0.0,0.74,0.404062,0.07
L1_Scout_1,20,24,0.0,0.0,0.0,0.001505,True,0.0,1.0,0.477833,0.21
L1_Scout_1,21,25,0.0,0.0,0.0,0.001505,True,0.0,1.0,0.296028,0.14
L1_Scout_1,22,26,0.0,0.0,0.0,0.001505,True,0.0,0.93,0.24381,0.08
L1_Scout_1,23,27,0.0,0.0,0.0,0.001505,True,0.0,0.96,0.119303,0.13
L1_Scout_1,25,28,0.0,0.0,0.0,0.001505,True,0.0,0.85,0.386075,0.09
L1_Scout_1,26,29,0.0,0.0,0.0,0.001505,True,0.0,0.92,0.268003,0.03
L1_Scout_1,27,30,0.0,0.0,0.0,0.001505,True,0.0,0.96,0.434284,0.21
L1_Scout_1,28,31,0.0,0.0,0.0,0.001505,True,0.0,0.9,0.733827,0.15
L1_Scout_1,29,32,0.0,0.0,0.0,0.001505,True,0.0,0.53,0.002738,0.05
L1_Scout_1,30,33,0.0,0.0,0.0,0.001505,True,0.0,0.64,0.313233,0.11
L1_Scout_1,32,34,0.0,0.0,0.0,0.001505,True,0.0,0.96,0.546841,0.24
L1_Scout_1,33,35,0.0,0.0,0.0,0.001505,True,0.0,1.0,0.461666,0.28
L1_Scout_1,34,36,0.0,0.0,0.0,0.001505,True,0.0,0.97,0.334427,0.2
L1_Scout_1,35,37,0.0,0.0,0.0,0.001505,True,0.0,0.95,0.570193,0.17
L1_Scout_1,36,38,0.0,0.0,0.0,0.001505,True,0.0,0.9,0.371517,0.23
L1_Scout_1,37,39,0.0,0.0,0.0,0.001505,True,0.0,0.98,0.221267,0.22
L1_Scout_1,38,40,0.0,0.0,0.0,0.001505,True,0.0,0.57,0.703002,0.15
L1_Scout_1,39,41,0.0,0.0,0.0,0.001505,True,0.0,0.83,0.925508,0.19
L1_Scout_1,40,42,0.0,0.0,0.0,0.001505,True,0.0,0.79,0.620663,0.1
L1_Scout_1,42,43,0.0,0.0,0.0,0.001505,True,0.0,0.98,0.810307,0.17
L1_Scout_1,43,44,0.0,0.0,0.0,0.001505,True,0.0,0.98,0.519824,0.13
L1_Scout_1,44,45,0.0,0.0,0.0,0.001505,True,0.0,0.94,0.67311,0.2
L1_Scout_1,45,46,0.0,0.0,0.0,0.001505,True,0.0,1.0,0.584776,0.25
L1_Scout_1,46,47,0.0,0.0,0.0,0.001505,True,0.0,0.89,0.428649,0.16
L1_Scout_1,47,48,0.0,0.0,0.0,0.001505,True,0.0,0.92,0.49411,0.22
L1_Scout_1,48,49,0.0,0.0,0.0,0.001505,True,0.0,0.94,0.186924,0.28
L1_Scout_1,49,50,0.0,0.0,0.0,0.001505,True,0.0,0.87,0.633976,0.19
