system,X_M062X,X_M06HF,X_TPSSh,X_M062XD3,Y_dGact_exp
01_T4CE_CP,1.7375871990137,-7.86079811300816,4.15349877397797,-0.153098924492525,13.6
02_T3CE_CP,1.50831808994937,-5.66348798549248,1.8490557485165,-0.0893210970119966,16.2
03_mono_CE_CP,2.95261251347905,-2.39251340750898,1.0449836335156,0.696088351469062,23.8
04_trans_CE_CP,2.07159132749023,-4.95463254399814,1.79172209048344,-0.17614770150627,21.3
05_cis_CE_CP,2.34227391152301,-4.43859374551412,2.00781134801137,0.245137162502967,21.2
06_di_CE_CP,1.63670524251145,-2.93030889851496,-0.163619512973231,0.0666764735160434,17.7
07_MA_CP,0.355756516966139,-3.09491822345384,1.34784903652957,-0.588645280503684,18.9
08_BenzoQuinone_CP,0.263712304483942,-1.23415287201531,2.52902159954309,-0.0287071225625048,20.2
09_Naphtho_Quinone_CP,0.0010864260211143,-2.09856036102826,2.89202269249884,-0.669721229497409,20.9
10_MA_13btdn,1.17367353998441,-1.62062626345194,1.40647956446735,-0.782901080998148,23.5
11_MA_13CHdn,0.94895052650336,-1.57489268254511,1.07633495503844,-1.2046620774811,22.7
12_MA_Furan_ac,0.0422234524434301,-2.84808530446454,1.70135857053489,0.223573697984943,23.8
13_MA_diCl13btdn,1.00562391361106,-2.71927247840131,1.53147687442484,0.216216962606609,26.5
14_MM_Furan_ac,1.2597674130028,-2.2837787335394,3.07640741548195,0.685596220525646,24
15_Anthracene_monoCE,2.04088736500975,-4.59879065449148,3.95541884945578,0.0021089995207184,28.5
16_MA_btdntbt,0.709895712503879,-1.39979122652014,0.979724797464684,1.5287956100052,21.3
17_MA_btdndiMet,1.06622019051494,-1.80965584800081,1.10826332698013,2.05203761502288,21.9
18_MA_btdnNeop,0.824152900473461,-1.90614093398181,0.330302924007537,1.30984525345998,21
19_MA_btdn2isoprop,0.932786656533583,-1.29047950198903,0.999302663508328,1.4649147124742,21.8
20_MA_2Metoxybtdn,0.55605496701887,-0.928005000515235,2.92239329146563,1.24631541698828,21.9
21_diMetAcinediate_CP,0.976486331956138,-3.92812792000265,0.71481487047474,-0.225194360506173,21.9
22_N-MeMM_CP,-1.11409672149962,-1.66756010052905,1.63941496446837,0.358040565493251,19
23_Me_acrylate_CP,0.536700938514777,-3.06206604399501,0.959642341481377,-0.260863636004743,23.8
24_N-MeMM_1_methoxybtdn,-0.563450438509925,-0.955643876018488,0.481980388490179,-0.200749947498242,25.8
