System,Dataset,Real_Values,Predicted_Values,Error,Abs_error
5a,Training,1.130000,0.872079,-0.257921,0.257921
5b,Training,1.630000,1.624557,-0.005443,0.005443
5c,Training,0.430000,0.309298,-0.120702,0.120702
5f,Training,0.920000,0.969721,0.049721,0.049721
5g,Training,1.240000,1.320660,0.080660,0.080660
5j,Training,1.450000,1.150249,-0.299751,0.299751
5k,Training,1.490000,1.702604,0.212604,0.212604
5l,Training,1.510000,1.809743,0.299743,0.299743
5m,Training,1.630000,1.569350,-0.060650,0.060650
5n,Training,1.630000,1.681306,0.051306,0.051306
5q,Training,2.300000,2.042195,-0.257805,0.257805
5e,Validation,0.900000,0.875750,-0.024250,0.024250
5i,Validation,1.410000,1.377467,-0.032533,0.032533
5p,Validation,1.880000,1.915305,0.035305,0.035305
5h,Testing,1.370000,1.062145,-0.307855,0.307855
5o,Testing,1.880000,1.404263,-0.475737,0.475737
5r,Testing,2.300000,2.224419,-0.075581,0.075581
