Original_Index,Intercept,NBO_C1,sEpi,NBO_C1_x_sEpi,MSE_train
1,0.11212400,0.53532100,-0.64844000,-0.42133500,0.22713600
2,-0.08446500,0.85714300,-0.54247700,-0.51053500,0.19879800
3,-0.00117800,0.68428700,-0.48143700,-0.71596200,0.15039800
4,-0.08445900,0.85713100,-0.54247200,-0.51055000,0.19879200
5,-0.08443800,0.85708500,-0.54245400,-0.51060600,0.19877000
6,0.11218800,0.53289400,-0.64195900,-0.43619100,0.21804600
7,-0.08446300,0.85714000,-0.54247600,-0.51053800,0.19879600
8,-0.03019700,0.76832600,-0.56860100,-0.47998600,0.16732000
10,-0.04153000,0.76746500,-0.50935500,-0.62023600,0.16579500
11,0.01143300,0.65483700,-0.46744700,-0.75637500,0.15054300
12,-0.00368100,0.68840700,-0.48015500,-0.71694400,0.15221300
13,-0.08446500,0.85714300,-0.54247600,-0.51053600,0.19879800
14,-0.08446500,0.85714300,-0.54247600,-0.51053500,0.19879700
15,-0.08445900,0.85713100,-0.54247100,-0.51055000,0.19879200
16,-0.02978000,0.76760000,-0.57192800,-0.48576500,0.16792200
17,-0.07511100,0.73800200,-0.47855200,-0.58694600,0.15630400
18,-0.08446200,0.85715300,-0.54246400,-0.51052000,0.19879600
19,0.03489800,0.65785600,-0.59560000,-0.48210400,0.16028200
20,-0.07085400,0.83207100,-0.54171800,-0.52294500,0.18699900
21,-0.00237100,0.72265000,-0.58643800,-0.47394400,0.16351000
22,-0.08446500,0.85714400,-0.54247600,-0.51053500,0.19879800
23,0.02034400,0.68548400,-0.59873100,-0.46352300,0.16568300
24,-0.01180000,0.73263500,-0.56557700,-0.51443600,0.15590900
25,-0.06647700,0.83788800,-0.52451400,-0.51965500,0.18415800
26,-0.06387500,0.82323500,-0.55314500,-0.50212900,0.18354500
27,-0.06126800,0.81928800,-0.55471500,-0.49964400,0.18200900
28,-0.08413400,0.85645400,-0.54221400,-0.51137300,0.19847000
29,0.00731400,0.66544400,-0.47167700,-0.74502800,0.15099100
30,-0.08444400,0.85710000,-0.54246100,-0.51058800,0.19877700
31,-0.06935300,0.82886300,-0.54618200,-0.49378000,0.18434200
33,0.02664500,0.67522300,-0.60234700,-0.46014000,0.16738300
34,-0.08444700,0.85714000,-0.54244200,-0.51053300,0.19878300
35,-0.07008600,0.83205300,-0.53006500,-0.53765600,0.18604000
36,-0.08445700,0.85712600,-0.54247100,-0.51055600,0.19879000
37,-0.08445700,0.85712700,-0.54247000,-0.51055600,0.19879000
38,0.06010700,0.55517400,-0.43094500,-0.87992500,0.16221500
39,-0.01141300,0.70455900,-0.48612000,-0.69718700,0.15380700
40,-0.08446300,0.85714000,-0.54247800,-0.51053400,0.19879600
41,-0.06737800,0.82142600,-0.52928100,-0.55420400,0.18341100
42,-0.07482700,0.87429400,-0.50981000,-0.45321400,0.19040500
43,-0.08446300,0.85714000,-0.54247700,-0.51053600,0.19879600
44,-0.12018200,0.85103900,-0.51530100,-0.48475100,0.19844500
45,0.00582300,0.65160100,-0.46834300,-0.73655600,0.14541300
46,0.06192600,0.61750000,-0.62138800,-0.44410000,0.18321600
47,-0.04243200,0.77026800,-0.51274800,-0.61171000,0.16584900
48,-0.07476200,0.78072800,-0.51305500,-0.53854100,0.16696600
49,0.04593900,0.58461800,-0.44177800,-0.84382200,0.15643500
50,0.00581000,0.70934400,-0.59111100,-0.46962300,0.16387500
51,0.15084600,0.44092800,-0.60866700,-0.53320200,0.20055000
53,-0.08400900,0.86170800,-0.53749400,-0.50310800,0.19853500
54,-0.08446500,0.85714400,-0.54247600,-0.51053400,0.19879800
55,-0.08446400,0.85714800,-0.54247200,-0.51052800,0.19879700
56,0.10302800,0.48323800,-0.44358000,-0.88000000,0.14812300
58,-0.08422800,0.85663200,-0.54228200,-0.51115400,0.19855700
